[{"epoch_timestamp": 1572004472.343, "class": "measurement", "sensor": "sensehat", "frame": "inertial", "category": "orientation", "data": [{"heading": 146.1352440851161, "heading_std": "unknown"}, {"roll": 7.866293008610543, "roll_std": "unknown"}, {"pitch": 4.5827645156047145, "pitch_std": "unknown"}]}, {"epoch_timestamp": 1572004472.343, "class": "measurement", "sensor": "sensehat", "frame": "body", "category": "acceleration", "data": [{"acceleration_z": 0.9658986926078796, "acceleration_z_std": "unknown"}, {"acceleration_x": -0.07776567339897156, "acceleration_x_std": "unknown"}, {"acceleration_y": 0.13225500285625458, "acceleration_y_std": "unknown"}]}, {"epoch_timestamp": 1572004472.718, "class": "measurement", "sensor": "sensehat", "frame": "inertial", "category": "orientation", "data": [{"heading": 145.18834763972058, "heading_std": "unknown"}, {"roll": 7.91875142275718, "roll_std": "unknown"}, {"pitch": 4.816683126752019, "pitch_std": "unknown"}]}, {"epoch_timestamp": 1572004472.718, "class": "measurement", "sensor": "sensehat", "frame": "body", "category": "acceleration", "data": [{"acceleration_z": 0.9723475575447083, "acceleration_z_std": "unknown"}, {"acceleration_x": -0.08179621398448944, "acceleration_x_std": "unknown"}, {"acceleration_y": 0.13644619286060333, "acceleration_y_std": "unknown"}]}, {"epoch_timestamp": 1572004473.098, "class": "measurement", "sensor": "sensehat", "frame": "inertial", "category": "orientation", "data": [{"heading": 145.76185130356987, "heading_std": "unknown"}, {"roll": 7.8992973364536905, "roll_std": "unknown"}, {"pitch": 4.63329980461317, "pitch_std": "unknown"}]}, {"epoch_timestamp": 1572004473.098, "class": "measurement", "sensor": "sensehat", "frame": "body", "category": "acceleration", "data": [{"acceleration_z": 0.9656598567962646, "acceleration_z_std": "unknown"}, {"acceleration_x": -0.07942531257867813, "acceleration_x_std": "unknown"}, {"acceleration_y": 0.1327206939458847, "acceleration_y_std": "unknown"}]}, {"epoch_timestamp": 1572004473.458, "class": "measurement", "sensor": "sensehat", "frame": "inertial", "category": "orientation", "data": [{"heading": 145.1807114882285, "heading_std": "unknown"}, {"roll": 7.686752094766649, "roll_std": "unknown"}, {"pitch": 4.718698086692663, "pitch_std": "unknown"}]}, {"epoch_timestamp": 1572004473.458, "class": "measurement", "sensor": "sensehat", "frame": "body", "category": "acceleration", "data": [{"acceleration_z": 0.9711533784866333, "acceleration_z_std": "unknown"}, {"acceleration_x": -0.08037366718053818, "acceleration_x_std": "unknown"}, {"acceleration_y": 0.13062509894371033, "acceleration_y_std": "unknown"}]}, {"epoch_timestamp": 1572004473.908, "class": "measurement", "sensor": "sensehat", "frame": "inertial", "category": "orientation", "data": [{"heading": 145.01715577836336, "heading_std": "unknown"}, {"roll": 7.9187019038856965, "roll_std": "unknown"}, {"pitch": 4.689627520924619, "pitch_std": "unknown"}]}, {"epoch_timestamp": 1572004473.908, "class": "measurement", "sensor": "sensehat", "frame": "body", "category": "acceleration", "data": [{"acceleration_z": 0.9654209613800049, "acceleration_z_std": "unknown"}, {"acceleration_x": -0.07989948987960815, "acceleration_x_std": "unknown"}, {"acceleration_y": 0.13435059785842896, "acceleration_y_std": "unknown"}]}, {"epoch_timestamp": 1572004474.289, "class": "measurement", "sensor": "sensehat", "frame": "inertial", "category": "orientation", "data": [{"heading": 144.33469693687402, "heading_std": "unknown"}, {"roll": 7.6381792044841035, "roll_std": "unknown"}, {"pitch": 4.612077553088294, "pitch_std": "unknown"}]}, {"epoch_timestamp": 1572004474.289, "class": "measurement", "sensor": "sensehat", "frame": "body", "category": "acceleration", "data": [{"acceleration_z": 0.9678094983100891, "acceleration_z_std": "unknown"}, {"acceleration_x": -0.07989948987960815, "acceleration_x_std": "unknown"}, {"acceleration_y": 0.13062509894371033, "acceleration_y_std": "unknown"}]}, {"epoch_timestamp": 1572004474.669, "class": "measurement", "sensor": "sensehat", "frame": "inertial", "category": "orientation", "data": [{"heading": 145.54915921281565, "heading_std": "unknown"}, {"roll": 8.020543439505172, "roll_std": "unknown"}, {"pitch": 4.839407166120651, "pitch_std": "unknown"}]}, {"epoch_timestamp": 1572004474.669, "class": "measurement", "sensor": "sensehat", "frame": "body", "category": "acceleration", "data": [{"acceleration_z": 0.9728252291679382, "acceleration_z_std": "unknown"}, {"acceleration_x": -0.08203329890966415, "acceleration_x_std": "unknown"}, {"acceleration_y": 0.13714469969272614, "acceleration_y_std": "unknown"}]}, {"epoch_timestamp": 1572004475.018, "class": "measurement", "sensor": "sensehat", "frame": "inertial", "category": "orientation", "data": [{"heading": 146.20351865605957, "heading_std": "unknown"}, {"roll": 7.877944457560938, "roll_std": "unknown"}, {"pitch": 4.664693915359487, "pitch_std": "unknown"}]}, {"epoch_timestamp": 1572004475.018, "class": "measurement", "sensor": "sensehat", "frame": "body", "category": "acceleration", "data": [{"acceleration_z": 0.9644656181335449, "acceleration_z_std": "unknown"}, {"acceleration_x": -0.0787140429019928, "acceleration_x_std": "unknown"}, {"acceleration_y": 0.13202215731143951, "acceleration_y_std": "unknown"}]}, {"epoch_timestamp": 1572004475.428, "class": "measurement", "sensor": "sensehat", "frame": "inertial", "category": "orientation", "data": [{"heading": 145.53697415533637, "heading_std": "unknown"}, {"roll": 7.676390697795739, "roll_std": "unknown"}, {"pitch": 4.709488857257369, "pitch_std": "unknown"}]}, {"epoch_timestamp": 1572004475.428, "class": "measurement", "sensor": "sensehat", "frame": "body", "category": "acceleration", "data": [{"acceleration_z": 0.9737806916236877, "acceleration_z_std": "unknown"}, {"acceleration_x": -0.08250749111175537, "acceleration_x_std": "unknown"}, {"acceleration_y": 0.13248784840106964, "acceleration_y_std": "unknown"}]}, {"epoch_timestamp": 1572004475.778, "class": "measurement", "sensor": "sensehat", "frame": "inertial", "category": "orientation", "data": [{"heading": 146.14279827433813, "heading_std": "unknown"}, {"roll": 8.055662564670085, "roll_std": "unknown"}, {"pitch": 4.736307595033424, "pitch_std": "unknown"}]}, {"epoch_timestamp": 1572004475.778, "class": "measurement", "sensor": "sensehat", "frame": "body", "category": "acceleration", "data": [{"acceleration_z": 0.9666152596473694, "acceleration_z_std": "unknown"}, {"acceleration_x": -0.07942531257867813, "acceleration_x_std": "unknown"}, {"acceleration_y": 0.1366790235042572, "acceleration_y_std": "unknown"}]}, {"epoch_timestamp": 1572004476.188, "class": "measurement", "sensor": "sensehat", "frame": "inertial", "category": "orientation", "data": [{"heading": 145.50308275667476, "heading_std": "unknown"}, {"roll": 7.719110115959584, "roll_std": "unknown"}, {"pitch": 4.6468585838892915, "pitch_std": "unknown"}]}, {"epoch_timestamp": 1572004476.188, "class": "measurement", "sensor": "sensehat", "frame": "body", "category": "acceleration", "data": [{"acceleration_z": 0.9678094983100891, "acceleration_z_std": "unknown"}, {"acceleration_x": -0.08061075955629349, "acceleration_x_std": "unknown"}, {"acceleration_y": 0.13062509894371033, "acceleration_y_std": "unknown"}]}, {"epoch_timestamp": 1572004476.568, "class": "measurement", "sensor": "sensehat", "frame": "inertial", "category": "orientation", "data": [{"heading": 144.81055621634883, "heading_std": "unknown"}, {"roll": 8.001414640960904, "roll_std": "unknown"}, {"pitch": 4.803155937100809, "pitch_std": "unknown"}]}, {"epoch_timestamp": 1572004476.568, "class": "measurement", "sensor": "sensehat", "frame": "body", "category": "acceleration", "data": [{"acceleration_z": 0.972586452960968, "acceleration_z_std": "unknown"}, {"acceleration_x": -0.08227039128541946, "acceleration_x_std": "unknown"}, {"acceleration_y": 0.1373775601387024, "acceleration_y_std": "unknown"}]}, {"epoch_timestamp": 1572004476.948, "class": "measurement", "sensor": "sensehat", "frame": "inertial", "category": "orientation", "data": [{"heading": 145.37281738882427, "heading_std": "unknown"}, {"roll": 7.761422284094167, "roll_std": "unknown"}, {"pitch": 4.544530397291453, "pitch_std": "unknown"}]}, {"epoch_timestamp": 1572004476.948, "class": "measurement", "sensor": "sensehat", "frame": "body", "category": "acceleration", "data": [{"acceleration_z": 0.9642267823219299, "acceleration_z_std": "unknown"}, {"acceleration_x": -0.07610604166984558, "acceleration_x_std": "unknown"}, {"acceleration_y": 0.128762349486351, "acceleration_y_std": "unknown"}]}, {"epoch_timestamp": 1572004477.368, "class": "measurement", "sensor": "sensehat", "frame": "inertial", "category": "orientation", "data": [{"heading": 144.00712106428023, "heading_std": "unknown"}, {"roll": 7.849553922502134, "roll_std": "unknown"}, {"pitch": 4.7750988006508654, "pitch_std": "unknown"}]}, {"epoch_timestamp": 1572004477.368, "class": "measurement", "sensor": "sensehat", "frame": "body", "category": "acceleration", "data": [{"acceleration_z": 0.9733030200004578, "acceleration_z_std": "unknown"}, {"acceleration_x": -0.08250749111175537, "acceleration_x_std": "unknown"}, {"acceleration_y": 0.13435059785842896, "acceleration_y_std": "unknown"}]}, {"epoch_timestamp": 1572004477.769, "class": "measurement", "sensor": "sensehat", "frame": "inertial", "category": "orientation", "data": [{"heading": 143.69198979635416, "heading_std": "unknown"}, {"roll": 7.847092493079991, "roll_std": "unknown"}, {"pitch": 4.640873630629067, "pitch_std": "unknown"}]}, {"epoch_timestamp": 1572004477.769, "class": "measurement", "sensor": "sensehat", "frame": "body", "category": "acceleration", "data": [{"acceleration_z": 0.9642267823219299, "acceleration_z_std": "unknown"}, {"acceleration_x": -0.07847694307565689, "acceleration_x_std": "unknown"}, {"acceleration_y": 0.13248784840106964, "acceleration_y_std": "unknown"}]}, {"epoch_timestamp": 1572004478.228, "class": "measurement", "sensor": "sensehat", "frame": "inertial", "category": "orientation", "data": [{"heading": 144.61144254166462, "heading_std": "unknown"}, {"roll": 7.832131817476724, "roll_std": "unknown"}, {"pitch": 4.684846388505609, "pitch_std": "unknown"}]}, {"epoch_timestamp": 1572004478.228, "class": "measurement", "sensor": "sensehat", "frame": "body", "category": "acceleration", "data": [{"acceleration_z": 0.974019467830658, "acceleration_z_std": "unknown"}, {"acceleration_x": -0.08013657480478287, "acceleration_x_std": "unknown"}, {"acceleration_y": 0.13551479578018188, "acceleration_y_std": "unknown"}]}, {"epoch_timestamp": 1572004478.618, "class": "measurement", "sensor": "sensehat", "frame": "inertial", "category": "orientation", "data": [{"heading": 144.3333172386617, "heading_std": "unknown"}, {"roll": 7.974663351302904, "roll_std": "unknown"}, {"pitch": 4.64071269429675, "pitch_std": "unknown"}]}, {"epoch_timestamp": 1572004478.618, "class": "measurement", "sensor": "sensehat", "frame": "body", "category": "acceleration", "data": [{"acceleration_z": 0.9654209613800049, "acceleration_z_std": "unknown"}, {"acceleration_x": -0.07989948987960815, "acceleration_x_std": "unknown"}, {"acceleration_y": 0.13458342850208282, "acceleration_y_std": "unknown"}]}, {"epoch_timestamp": 1572004478.968, "class": "measurement", "sensor": "sensehat", "frame": "inertial", "category": "orientation", "data": [{"heading": 144.15611481083488, "heading_std": "unknown"}, {"roll": 7.635303694843528, "roll_std": "unknown"}, {"pitch": 4.599146297442167, "pitch_std": "unknown"}]}, {"epoch_timestamp": 1572004478.968, "class": "measurement", "sensor": "sensehat", "frame": "body", "category": "acceleration", "data": [{"acceleration_z": 0.9661375284194946, "acceleration_z_std": "unknown"}, {"acceleration_x": -0.08108494430780411, "acceleration_x_std": "unknown"}, {"acceleration_y": 0.12829667329788208, "acceleration_y_std": "unknown"}]}, {"epoch_timestamp": 1572004479.328, "class": "measurement", "sensor": "sensehat", "frame": "inertial", "category": "orientation", "data": [{"heading": 143.1194833401237, "heading_std": "unknown"}, {"roll": 8.039633818235357, "roll_std": "unknown"}, {"pitch": 4.7933319906402145, "pitch_std": "unknown"}]}, {"epoch_timestamp": 1572004479.328, "class": "measurement", "sensor": "sensehat", "frame": "body", "category": "acceleration", "data": [{"acceleration_z": 0.9752137660980225, "acceleration_z_std": "unknown"}, {"acceleration_x": -0.08155912160873413, "acceleration_x_std": "unknown"}, {"acceleration_y": 0.13714469969272614, "acceleration_y_std": "unknown"}]}, {"epoch_timestamp": 1572004479.658, "class": "measurement", "sensor": "sensehat", "frame": "inertial", "category": "orientation", "data": [{"heading": 145.07638717884572, "heading_std": "unknown"}, {"roll": 7.810053230984658, "roll_std": "unknown"}, {"pitch": 4.623853652991042, "pitch_std": "unknown"}]}, {"epoch_timestamp": 1572004479.658, "class": "measurement", "sensor": "sensehat", "frame": "body", "category": "acceleration", "data": [{"acceleration_z": 0.9647044539451599, "acceleration_z_std": "unknown"}, {"acceleration_x": -0.07752858847379684, "acceleration_x_std": "unknown"}, {"acceleration_y": 0.13318638503551483, "acceleration_y_std": "unknown"}]}, {"epoch_timestamp": 1572004479.998, "class": "measurement", "sensor": "sensehat", "frame": "inertial", "category": "orientation", "data": [{"heading": 143.94596355045192, "heading_std": "unknown"}, {"roll": 7.690501868620986, "roll_std": "unknown"}, {"pitch": 4.6656817314682, "pitch_std": "unknown"}]}, {"epoch_timestamp": 1572004479.998, "class": "measurement", "sensor": "sensehat", "frame": "body", "category": "acceleration", "data": [{"acceleration_z": 0.9697202444076538, "acceleration_z_std": "unknown"}, {"acceleration_x": -0.08132203668355942, "acceleration_x_std": "unknown"}, {"acceleration_y": 0.13178931176662445, "acceleration_y_std": "unknown"}]}, {"epoch_timestamp": 1572004481.0, "class": "measurement", "sensor": "sensehat", "frame": "inertial", "category": "orientation", "data": [{"heading": 144.58155363385663, "heading_std": "unknown"}, {"roll": 7.801171423742702, "roll_std": "unknown"}, {"pitch": 4.73225771974243, "pitch_std": "unknown"}]}, {"epoch_timestamp": 1572004481.0, "class": "measurement", "sensor": "sensehat", "frame": "body", "category": "acceleration", "data": [{"acceleration_z": 0.9737806916236877, "acceleration_z_std": "unknown"}, {"acceleration_x": -0.08037366718053818, "acceleration_x_std": "unknown"}, {"acceleration_y": 0.13504911959171295, "acceleration_y_std": "unknown"}]}, {"epoch_timestamp": 1572004481.489, "class": "measurement", "sensor": "sensehat", "frame": "inertial", "category": "orientation", "data": [{"heading": 143.87516180951556, "heading_std": "unknown"}, {"roll": 7.9186694604871395, "roll_std": "unknown"}, {"pitch": 4.650374423764555, "pitch_std": "unknown"}]}, {"epoch_timestamp": 1572004481.489, "class": "measurement", "sensor": "sensehat", "frame": "body", "category": "acceleration", "data": [{"acceleration_z": 0.9639879465103149, "acceleration_z_std": "unknown"}, {"acceleration_x": -0.07847694307565689, "acceleration_x_std": "unknown"}, {"acceleration_y": 0.13155648112297058, "acceleration_y_std": "unknown"}]}, {"epoch_timestamp": 1572004481.988, "class": "measurement", "sensor": "sensehat", "frame": "inertial", "category": "orientation", "data": [{"heading": 143.29564757919667, "heading_std": "unknown"}, {"roll": 7.8918993878089205, "roll_std": "unknown"}, {"pitch": 4.753906858090431, "pitch_std": "unknown"}]}, {"epoch_timestamp": 1572004481.988, "class": "measurement", "sensor": "sensehat", "frame": "body", "category": "acceleration", "data": [{"acceleration_z": 0.9761691093444824, "acceleration_z_std": "unknown"}, {"acceleration_x": -0.08155912160873413, "acceleration_x_std": "unknown"}, {"acceleration_y": 0.13714469969272614, "acceleration_y_std": "unknown"}]}, {"epoch_timestamp": 1572004482.338, "class": "measurement", "sensor": "sensehat", "frame": "inertial", "category": "orientation", "data": [{"heading": 143.53199944523578, "heading_std": "unknown"}, {"roll": 7.966974265844762, "roll_std": "unknown"}, {"pitch": 4.658021247427207, "pitch_std": "unknown"}]}, {"epoch_timestamp": 1572004482.338, "class": "measurement", "sensor": "sensehat", "frame": "body", "category": "acceleration", "data": [{"acceleration_z": 0.9651821851730347, "acceleration_z_std": "unknown"}, {"acceleration_x": -0.07966239750385284, "acceleration_x_std": "unknown"}, {"acceleration_y": 0.1341177523136139, "acceleration_y_std": "unknown"}]}, {"epoch_timestamp": 1572004482.678, "class": "measurement", "sensor": "sensehat", "frame": "inertial", "category": "orientation", "data": [{"heading": 142.99752348230396, "heading_std": "unknown"}, {"roll": 7.600666951788747, "roll_std": "unknown"}, {"pitch": 4.5811175862410956, "pitch_std": "unknown"}]}, {"epoch_timestamp": 1572004482.678, "class": "measurement", "sensor": "sensehat", "frame": "body", "category": "acceleration", "data": [{"acceleration_z": 0.9656598567962646, "acceleration_z_std": "unknown"}, {"acceleration_x": -0.07895112782716751, "acceleration_x_std": "unknown"}, {"acceleration_y": 0.12829667329788208, "acceleration_y_std": "unknown"}]}, {"epoch_timestamp": 1572004483.048, "class": "measurement", "sensor": "sensehat", "frame": "inertial", "category": "orientation", "data": [{"heading": 142.98939555719164, "heading_std": "unknown"}, {"roll": 8.079387226752125, "roll_std": "unknown"}, {"pitch": 4.7628817266598285, "pitch_std": "unknown"}]}, {"epoch_timestamp": 1572004483.048, "class": "measurement", "sensor": "sensehat", "frame": "body", "category": "acceleration", "data": [{"acceleration_z": 0.9756914377212524, "acceleration_z_std": "unknown"}, {"acceleration_x": -0.08274457603693008, "acceleration_x_std": "unknown"}, {"acceleration_y": 0.13877460360527039, "acceleration_y_std": "unknown"}]}, {"epoch_timestamp": 1572004483.388, "class": "measurement", "sensor": "sensehat", "frame": "inertial", "category": "orientation", "data": [{"heading": 143.0329311829613, "heading_std": "unknown"}, {"roll": 7.778564351363606, "roll_std": "unknown"}, {"pitch": 4.596197363268014, "pitch_std": "unknown"}]}, {"epoch_timestamp": 1572004483.388, "class": "measurement", "sensor": "sensehat", "frame": "body", "category": "acceleration", "data": [{"acceleration_z": 0.9604052305221558, "acceleration_z_std": "unknown"}, {"acceleration_x": -0.07610604166984558, "acceleration_x_std": "unknown"}, {"acceleration_y": 0.12992657721042633, "acceleration_y_std": "unknown"}]}, {"epoch_timestamp": 1572004483.728, "class": "measurement", "sensor": "sensehat", "frame": "inertial", "category": "orientation", "data": [{"heading": 142.7443420301499, "heading_std": "unknown"}, {"roll": 7.778222841905106, "roll_std": "unknown"}, {"pitch": 4.712966704205376, "pitch_std": "unknown"}]}, {"epoch_timestamp": 1572004483.728, "class": "measurement", "sensor": "sensehat", "frame": "body", "category": "acceleration", "data": [{"acceleration_z": 0.9723475575447083, "acceleration_z_std": "unknown"}, {"acceleration_x": -0.08108494430780411, "acceleration_x_std": "unknown"}, {"acceleration_y": 0.13435059785842896, "acceleration_y_std": "unknown"}]}, {"epoch_timestamp": 1572004484.068, "class": "measurement", "sensor": "sensehat", "frame": "inertial", "category": "orientation", "data": [{"heading": 143.10254447098208, "heading_std": "unknown"}, {"roll": 8.089692274662381, "roll_std": "unknown"}, {"pitch": 4.826043474122698, "pitch_std": "unknown"}]}, {"epoch_timestamp": 1572004484.068, "class": "measurement", "sensor": "sensehat", "frame": "body", "category": "acceleration", "data": [{"acceleration_z": 0.9711533784866333, "acceleration_z_std": "unknown"}, {"acceleration_x": -0.08250749111175537, "acceleration_x_std": "unknown"}, {"acceleration_y": 0.13714469969272614, "acceleration_y_std": "unknown"}]}, {"epoch_timestamp": 1572004484.398, "class": "measurement", "sensor": "sensehat", "frame": "inertial", "category": "orientation", "data": [{"heading": 143.3477072810505, "heading_std": "unknown"}, {"roll": 7.567290378635834, "roll_std": "unknown"}, {"pitch": 4.569151948588879, "pitch_std": "unknown"}]}, {"epoch_timestamp": 1572004484.398, "class": "measurement", "sensor": "sensehat", "frame": "body", "category": "acceleration", "data": [{"acceleration_z": 0.9611217379570007, "acceleration_z_std": "unknown"}, {"acceleration_x": -0.07752858847379684, "acceleration_x_std": "unknown"}, {"acceleration_y": 0.12713244557380676, "acceleration_y_std": "unknown"}]}, {"epoch_timestamp": 1572004484.828, "class": "measurement", "sensor": "sensehat", "frame": "inertial", "category": "orientation", "data": [{"heading": 143.36006992344824, "heading_std": "unknown"}, {"roll": 8.109741441197308, "roll_std": "unknown"}, {"pitch": 4.797674710291873, "pitch_std": "unknown"}]}, {"epoch_timestamp": 1572004484.828, "class": "measurement", "sensor": "sensehat", "frame": "body", "category": "acceleration", "data": [{"acceleration_z": 0.9790352582931519, "acceleration_z_std": "unknown"}, {"acceleration_x": -0.0829816684126854, "acceleration_x_std": "unknown"}, {"acceleration_y": 0.14040450751781464, "acceleration_y_std": "unknown"}]}, {"epoch_timestamp": 1572004485.198, "class": "measurement", "sensor": "sensehat", "frame": "inertial", "category": "orientation", "data": [{"heading": 143.1659696076148, "heading_std": "unknown"}, {"roll": 7.663447489318565, "roll_std": "unknown"}, {"pitch": 4.629852266629606, "pitch_std": "unknown"}]}, {"epoch_timestamp": 1572004485.198, "class": "measurement", "sensor": "sensehat", "frame": "body", "category": "acceleration", "data": [{"acceleration_z": 0.959210991859436, "acceleration_z_std": "unknown"}, {"acceleration_x": -0.07729149609804153, "acceleration_x_std": "unknown"}, {"acceleration_y": 0.128762349486351, "acceleration_y_std": "unknown"}]}, {"epoch_timestamp": 1572004485.578, "class": "measurement", "sensor": "sensehat", "frame": "inertial", "category": "orientation", "data": [{"heading": 143.34466101668067, "heading_std": "unknown"}, {"roll": 7.786030601900077, "roll_std": "unknown"}, {"pitch": 4.750665506442438, "pitch_std": "unknown"}]}, {"epoch_timestamp": 1572004485.578, "class": "measurement", "sensor": "sensehat", "frame": "body", "category": "acceleration", "data": [{"acceleration_z": 0.9747360348701477, "acceleration_z_std": "unknown"}, {"acceleration_x": -0.08155912160873413, "acceleration_x_std": "unknown"}, {"acceleration_y": 0.13458342850208282, "acceleration_y_std": "unknown"}]}, {"epoch_timestamp": 1572004485.938, "class": "measurement", "sensor": "sensehat", "frame": "inertial", "category": "orientation", "data": [{"heading": 143.20182810075738, "heading_std": "unknown"}, {"roll": 8.159245798527913, "roll_std": "unknown"}, {"pitch": 4.820911867621903, "pitch_std": "unknown"}]}, {"epoch_timestamp": 1572004485.938, "class": "measurement", "sensor": "sensehat", "frame": "body", "category": "acceleration", "data": [{"acceleration_z": 0.9711533784866333, "acceleration_z_std": "unknown"}, {"acceleration_x": -0.08061075955629349, "acceleration_x_std": "unknown"}, {"acceleration_y": 0.1366790235042572, "acceleration_y_std": "unknown"}]}, {"epoch_timestamp": 1572004486.278, "class": "measurement", "sensor": "sensehat", "frame": "inertial", "category": "orientation", "data": [{"heading": 143.45229113762176, "heading_std": "unknown"}, {"roll": 7.539941447425456, "roll_std": "unknown"}, {"pitch": 4.569440097194489, "pitch_std": "unknown"}]}, {"epoch_timestamp": 1572004486.278, "class": "measurement", "sensor": "sensehat", "frame": "body", "category": "acceleration", "data": [{"acceleration_z": 0.9615994095802307, "acceleration_z_std": "unknown"}, {"acceleration_x": -0.0787140429019928, "acceleration_x_std": "unknown"}, {"acceleration_y": 0.12713244557380676, "acceleration_y_std": "unknown"}]}, {"epoch_timestamp": 1572004486.658, "class": "measurement", "sensor": "sensehat", "frame": "inertial", "category": "orientation", "data": [{"heading": 143.39635188831934, "heading_std": "unknown"}, {"roll": 8.056299479810189, "roll_std": "unknown"}, {"pitch": 4.798307783450569, "pitch_std": "unknown"}]}, {"epoch_timestamp": 1572004486.658, "class": "measurement", "sensor": "sensehat", "frame": "body", "category": "acceleration", "data": [{"acceleration_z": 0.9787964224815369, "acceleration_z_std": "unknown"}, {"acceleration_x": -0.08464130014181137, "acceleration_x_std": "unknown"}, {"acceleration_y": 0.1392402946949005, "acceleration_y_std": "unknown"}]}, {"epoch_timestamp": 1572004487.038, "class": "measurement", "sensor": "sensehat", "frame": "inertial", "category": "orientation", "data": [{"heading": 143.54382933287826, "heading_std": "unknown"}, {"roll": 7.6964074209321085, "roll_std": "unknown"}, {"pitch": 4.591126801582926, "pitch_std": "unknown"}]}, {"epoch_timestamp": 1572004487.038, "class": "measurement", "sensor": "sensehat", "frame": "body", "category": "acceleration", "data": [{"acceleration_z": 0.9589720964431763, "acceleration_z_std": "unknown"}, {"acceleration_x": -0.07752858847379684, "acceleration_x_std": "unknown"}, {"acceleration_y": 0.128762349486351, "acceleration_y_std": "unknown"}]}, {"epoch_timestamp": 1572004487.378, "class": "measurement", "sensor": "sensehat", "frame": "inertial", "category": "orientation", "data": [{"heading": 142.84221864095622, "heading_std": "unknown"}, {"roll": 7.631244854929248, "roll_std": "unknown"}, {"pitch": 4.558321402999355, "pitch_std": "unknown"}]}, {"epoch_timestamp": 1572004487.378, "class": "measurement", "sensor": "sensehat", "frame": "body", "category": "acceleration", "data": [{"acceleration_z": 0.973064124584198, "acceleration_z_std": "unknown"}, {"acceleration_x": -0.08037366718053818, "acceleration_x_std": "unknown"}, {"acceleration_y": 0.13318638503551483, "acceleration_y_std": "unknown"}]}, {"epoch_timestamp": 1572004487.718, "class": "measurement", "sensor": "sensehat", "frame": "inertial", "category": "orientation", "data": [{"heading": 141.80915252899177, "heading_std": "unknown"}, {"roll": 8.171452200348373, "roll_std": "unknown"}, {"pitch": 4.891845089699778, "pitch_std": "unknown"}]}, {"epoch_timestamp": 1572004487.718, "class": "measurement", "sensor": "sensehat", "frame": "body", "category": "acceleration", "data": [{"acceleration_z": 0.973541796207428, "acceleration_z_std": "unknown"}, {"acceleration_x": -0.08345584571361542, "acceleration_x_std": "unknown"}, {"acceleration_y": 0.13877460360527039, "acceleration_y_std": "unknown"}]}, {"epoch_timestamp": 1572004488.068, "class": "measurement", "sensor": "sensehat", "frame": "inertial", "category": "orientation", "data": [{"heading": 142.4949854839311, "heading_std": "unknown"}, {"roll": 7.532994291265907, "roll_std": "unknown"}, {"pitch": 4.5400275950811215, "pitch_std": "unknown"}]}, {"epoch_timestamp": 1572004488.068, "class": "measurement", "sensor": "sensehat", "frame": "body", "category": "acceleration", "data": [{"acceleration_z": 0.9573002457618713, "acceleration_z_std": "unknown"}, {"acceleration_x": -0.07563186436891556, "acceleration_x_std": "unknown"}, {"acceleration_y": 0.1268996149301529, "acceleration_y_std": "unknown"}]}, {"epoch_timestamp": 1572004488.508, "class": "measurement", "sensor": "sensehat", "frame": "inertial", "category": "orientation", "data": [{"heading": 141.81781320885935, "heading_std": "unknown"}, {"roll": 8.119190154140373, "roll_std": "unknown"}, {"pitch": 4.7952329176635935, "pitch_std": "unknown"}]}, {"epoch_timestamp": 1572004488.508, "class": "measurement", "sensor": "sensehat", "frame": "body", "category": "acceleration", "data": [{"acceleration_z": 0.9790352582931519, "acceleration_z_std": "unknown"}, {"acceleration_x": -0.08440420776605606, "acceleration_x_std": "unknown"}, {"acceleration_y": 0.14087019860744476, "acceleration_y_std": "unknown"}]}, {"epoch_timestamp": 1572004488.848, "class": "measurement", "sensor": "sensehat", "frame": "inertial", "category": "orientation", "data": [{"heading": 143.15673519185694, "heading_std": "unknown"}, {"roll": 7.735457319964364, "roll_std": "unknown"}, {"pitch": 4.673154385307018, "pitch_std": "unknown"}]}, {"epoch_timestamp": 1572004488.848, "class": "measurement", "sensor": "sensehat", "frame": "body", "category": "acceleration", "data": [{"acceleration_z": 0.9580167531967163, "acceleration_z_std": "unknown"}, {"acceleration_x": -0.07918822020292282, "acceleration_x_std": "unknown"}, {"acceleration_y": 0.12922804057598114, "acceleration_y_std": "unknown"}]}, {"epoch_timestamp": 1572004489.198, "class": "measurement", "sensor": "sensehat", "frame": "inertial", "category": "orientation", "data": [{"heading": 143.0392832588894, "heading_std": "unknown"}, {"roll": 7.6171925944855925, "roll_std": "unknown"}, {"pitch": 4.566310589894154, "pitch_std": "unknown"}]}, {"epoch_timestamp": 1572004489.198, "class": "measurement", "sensor": "sensehat", "frame": "body", "category": "acceleration", "data": [{"acceleration_z": 0.9733030200004578, "acceleration_z_std": "unknown"}, {"acceleration_x": -0.07942531257867813, "acceleration_x_std": "unknown"}, {"acceleration_y": 0.13318638503551483, "acceleration_y_std": "unknown"}]}, {"epoch_timestamp": 1572004489.558, "class": "measurement", "sensor": "sensehat", "frame": "inertial", "category": "orientation", "data": [{"heading": 142.10472213513492, "heading_std": "unknown"}, {"roll": 8.246352908560379, "roll_std": "unknown"}, {"pitch": 4.854638061082957, "pitch_std": "unknown"}]}, {"epoch_timestamp": 1572004489.558, "class": "measurement", "sensor": "sensehat", "frame": "body", "category": "acceleration", "data": [{"acceleration_z": 0.9733030200004578, "acceleration_z_std": "unknown"}, {"acceleration_x": -0.08203329890966415, "acceleration_x_std": "unknown"}, {"acceleration_y": 0.1399388313293457, "acceleration_y_std": "unknown"}]}, {"epoch_timestamp": 1572004489.918, "class": "measurement", "sensor": "sensehat", "frame": "inertial", "category": "orientation", "data": [{"heading": 141.4308693319998, "heading_std": "unknown"}, {"roll": 7.497405590595555, "roll_std": "unknown"}, {"pitch": 4.5157714589042905, "pitch_std": "unknown"}]}, {"epoch_timestamp": 1572004489.918, "class": "measurement", "sensor": "sensehat", "frame": "body", "category": "acceleration", "data": [{"acceleration_z": 0.9582555890083313, "acceleration_z_std": "unknown"}, {"acceleration_x": -0.07563186436891556, "acceleration_x_std": "unknown"}, {"acceleration_y": 0.12503685057163239, "acceleration_y_std": "unknown"}]}, {"epoch_timestamp": 1572004490.268, "class": "measurement", "sensor": "sensehat", "frame": "inertial", "category": "orientation", "data": [{"heading": 143.70707085404155, "heading_std": "unknown"}, {"roll": 7.930272244339698, "roll_std": "unknown"}, {"pitch": 4.837204430113323, "pitch_std": "unknown"}]}, {"epoch_timestamp": 1572004490.268, "class": "measurement", "sensor": "sensehat", "frame": "body", "category": "acceleration", "data": [{"acceleration_z": 0.9795129895210266, "acceleration_z_std": "unknown"}, {"acceleration_x": -0.08416711539030075, "acceleration_x_std": "unknown"}, {"acceleration_y": 0.14040450751781464, "acceleration_y_std": "unknown"}]}, {"epoch_timestamp": 1572004491.063, "class": "measurement", "sensor": "meastro", "frame": "body", "category": "thrust", "surge_command": 1.73092780834, "sway_command": 0.195535628262, "yaw_command": 0.0}, {"epoch_timestamp": 1572004492.09, "class": "measurement", "sensor": "meastro", "frame": "body", "category": "thrust", "surge_command": 1.67165915567, "sway_command": 0.188346817947, "yaw_command": 0.0}, {"epoch_timestamp": 1572004493.114, "class": "measurement", "sensor": "meastro", "frame": "body", "category": "thrust", "surge_command": 1.65781581516, "sway_command": 0.185233882835, "yaw_command": 0.0}, {"epoch_timestamp": 1572004493.649, "class": "measurement", "sensor": "sensehat", "frame": "inertial", "category": "orientation", "data": [{"heading": 141.7191579564877, "heading_std": "unknown"}, {"roll": 6.526453218943223, "roll_std": "unknown"}, {"pitch": 5.457648142146702, "pitch_std": "unknown"}]}, {"epoch_timestamp": 1572004493.649, "class": "measurement", "sensor": "sensehat", "frame": "body", "category": "acceleration", "data": [{"acceleration_z": 0.9613606333732605, "acceleration_z_std": "unknown"}, {"acceleration_x": -0.09934090822935104, "acceleration_x_std": "unknown"}, {"acceleration_y": 0.10757361352443695, "acceleration_y_std": "unknown"}]}, {"epoch_timestamp": 1572004494.026, "class": "measurement", "sensor": "meastro", "frame": "body", "category": "thrust", "surge_command": 1.65239922865, "sway_command": 0.180908167457, "yaw_command": 0.0}, {"epoch_timestamp": 1572004494.821, "class": "measurement", "sensor": "sensehat", "frame": "inertial", "category": "orientation", "data": [{"heading": 131.3426252863776, "heading_std": "unknown"}, {"roll": 9.877604426713585, "roll_std": "unknown"}, {"pitch": 6.7142339022470905, "pitch_std": "unknown"}]}, {"epoch_timestamp": 1572004494.821, "class": "measurement", "sensor": "sensehat", "frame": "body", "category": "acceleration", "data": [{"acceleration_z": 0.9771245121955872, "acceleration_z_std": "unknown"}, {"acceleration_x": -0.12115323543548584, "acceleration_x_std": "unknown"}, {"acceleration_y": 0.16578443348407745, "acceleration_y_std": "unknown"}]}, {"epoch_timestamp": 1572004495.189, "class": "measurement", "sensor": "meastro", "frame": "body", "category": "thrust", "surge_command": 1.64846433336, "sway_command": 0.178813583706, "yaw_command": 0.0}, {"epoch_timestamp": 1572004496.276, "class": "measurement", "sensor": "meastro", "frame": "body", "category": "thrust", "surge_command": 1.64641936705, "sway_command": 0.176908970552, "yaw_command": 0.0}, {"epoch_timestamp": 1572004497.138, "class": "measurement", "sensor": "meastro", "frame": "body", "category": "thrust", "surge_command": 1.64522029929, "sway_command": 0.175346205499, "yaw_command": 0.0}, {"epoch_timestamp": 1572004497.538, "class": "measurement", "sensor": "sensehat", "frame": "inertial", "category": "orientation", "data": [{"heading": 125.53777045418882, "heading_std": "unknown"}, {"roll": 8.257756763153361, "roll_std": "unknown"}, {"pitch": 3.7433001156642978, "pitch_std": "unknown"}]}, {"epoch_timestamp": 1572004497.538, "class": "measurement", "sensor": "sensehat", "frame": "body", "category": "acceleration", "data": [{"acceleration_z": 0.9792740941047668, "acceleration_z_std": "unknown"}, {"acceleration_x": -0.07468349486589432, "acceleration_x_std": "unknown"}, {"acceleration_y": 0.14040450751781464, "acceleration_y_std": "unknown"}]}, {"epoch_timestamp": 1572004498.725, "class": "measurement", "sensor": "meastro", "frame": "body", "category": "thrust", "surge_command": 1.6437108337, "sway_command": 0.173201361871, "yaw_command": 0.0}, {"epoch_timestamp": 1572004499.307, "class": "measurement", "sensor": "meastro", "frame": "body", "category": "thrust", "surge_command": 1.64350860189, "sway_command": 0.171307419127, "yaw_command": 0.0}, {"epoch_timestamp": 1572004500.06, "class": "measurement", "sensor": "meastro", "frame": "body", "category": "thrust", "surge_command": 1.64314553474, "sway_command": 0.168956424959, "yaw_command": 0.0}, {"epoch_timestamp": 1572004500.51, "class": "measurement", "sensor": "sensehat", "frame": "inertial", "category": "orientation", "data": [{"heading": 117.78092951948044, "heading_std": "unknown"}, {"roll": 7.97660483257448, "roll_std": "unknown"}, {"pitch": 7.251498289907587, "pitch_std": "unknown"}]}, {"epoch_timestamp": 1572004500.51, "class": "measurement", "sensor": "sensehat", "frame": "body", "category": "acceleration", "data": [{"acceleration_z": 0.9690037369728088, "acceleration_z_std": "unknown"}, {"acceleration_x": -0.12731757760047913, "acceleration_x_std": "unknown"}, {"acceleration_y": 0.13644619286060333, "acceleration_y_std": "unknown"}]}, {"epoch_timestamp": 1572004501.066, "class": "measurement", "sensor": "meastro", "frame": "body", "category": "thrust", "surge_command": 1.6427080473, "sway_command": 0.166592453581, "yaw_command": 0.0}, {"epoch_timestamp": 1572004502.099, "class": "measurement", "sensor": "sensehat", "frame": "inertial", "category": "orientation", "data": [{"heading": 109.18284833564744, "heading_std": "unknown"}, {"roll": 7.444048152799415, "roll_std": "unknown"}, {"pitch": 2.00079527465875, "pitch_std": "unknown"}]}, {"epoch_timestamp": 1572004502.099, "class": "measurement", "sensor": "sensehat", "frame": "body", "category": "acceleration", "data": [{"acceleration_z": 0.9620771408081055, "acceleration_z_std": "unknown"}, {"acceleration_x": -0.03959411010146141, "acceleration_x_std": "unknown"}, {"acceleration_y": 0.12247558683156967, "acceleration_y_std": "unknown"}]}, {"epoch_timestamp": 1572004502.32, "class": "measurement", "sensor": "meastro", "frame": "body", "category": "thrust", "surge_command": 1.64241930018, "sway_command": 0.162518078674, "yaw_command": 0.0}, {"epoch_timestamp": 1572004503.005, "class": "measurement", "sensor": "meastro", "frame": "body", "category": "thrust", "surge_command": 1.64232601695, "sway_command": 0.159819576939, "yaw_command": 0.0}, {"epoch_timestamp": 1572004504.078, "class": "measurement", "sensor": "meastro", "frame": "body", "category": "thrust", "surge_command": 1.64231296527, "sway_command": 0.157272392645, "yaw_command": 0.0}, {"epoch_timestamp": 1572004504.653, "class": "measurement", "sensor": "sensehat", "frame": "inertial", "category": "orientation", "data": [{"heading": 91.68870530506129, "heading_std": "unknown"}, {"roll": 6.638867887397877, "roll_std": "unknown"}, {"pitch": 6.662668535334433, "pitch_std": "unknown"}]}, {"epoch_timestamp": 1572004504.653, "class": "measurement", "sensor": "sensehat", "frame": "body", "category": "acceleration", "data": [{"acceleration_z": 0.9704368114471436, "acceleration_z_std": "unknown"}, {"acceleration_x": -0.13419319689273834, "acceleration_x_std": "unknown"}, {"acceleration_y": 0.12340695410966873, "acceleration_y_std": "unknown"}]}, {"epoch_timestamp": 1572004505.379, "class": "measurement", "sensor": "meastro", "frame": "body", "category": "thrust", "surge_command": 1.64222660189, "sway_command": 0.155676955252, "yaw_command": 0.0}, {"epoch_timestamp": 1572004506.228, "class": "measurement", "sensor": "sensehat", "frame": "inertial", "category": "orientation", "data": [{"heading": 79.59236515288784, "heading_std": "unknown"}, {"roll": 8.257194126320481, "roll_std": "unknown"}, {"pitch": 1.4443033708761397, "pitch_std": "unknown"}]}, {"epoch_timestamp": 1572004506.228, "class": "measurement", "sensor": "sensehat", "frame": "body", "category": "acceleration", "data": [{"acceleration_z": 0.9594497680664062, "acceleration_z_std": "unknown"}, {"acceleration_x": -0.13727538287639618, "acceleration_x_std": "unknown"}, {"acceleration_y": 0.11758587509393692, "acceleration_y_std": "unknown"}]}, {"epoch_timestamp": 1572004507.163, "class": "measurement", "sensor": "meastro", "frame": "body", "category": "thrust", "surge_command": 1.64239632786, "sway_command": 0.152307103, "yaw_command": 0.0}, {"epoch_timestamp": 1572004508.532, "class": "measurement", "sensor": "meastro", "frame": "body", "category": "thrust", "surge_command": 1.64211250297, "sway_command": 0.152427376856, "yaw_command": 0.0}, {"epoch_timestamp": 1572004509.598, "class": "measurement", "sensor": "meastro", "frame": "body", "category": "thrust", "surge_command": 1.64170019885, "sway_command": 0.153669757456, "yaw_command": 0.0}, {"epoch_timestamp": 1572004510.889, "class": "measurement", "sensor": "meastro", "frame": "body", "category": "thrust", "surge_command": 1.64125018526, "sway_command": 0.156084736028, "yaw_command": 0.0}, {"epoch_timestamp": 1572004512.54, "class": "measurement", "sensor": "meastro", "frame": "body", "category": "thrust", "surge_command": 1.64014212425, "sway_command": 0.161499403246, "yaw_command": 0.0}, {"epoch_timestamp": 1572004513.326, "class": "measurement", "sensor": "meastro", "frame": "body", "category": "thrust", "surge_command": 1.63960549218, "sway_command": 0.164587319097, "yaw_command": 0.0}, {"epoch_timestamp": 1572004513.658, "class": "measurement", "sensor": "sensehat", "frame": "inertial", "category": "orientation", "data": [{"heading": 347.9787347258624, "heading_std": "unknown"}, {"roll": 10.553550682829313, "roll_std": "unknown"}, {"pitch": 5.61251969336898, "pitch_std": "unknown"}]}, {"epoch_timestamp": 1572004513.658, "class": "measurement", "sensor": "sensehat", "frame": "body", "category": "acceleration", "data": [{"acceleration_z": 0.9656598567962646, "acceleration_z_std": "unknown"}, {"acceleration_x": -0.051922813057899475, "acceleration_x_std": "unknown"}, {"acceleration_y": 0.16182610392570496, "acceleration_y_std": "unknown"}]}, {"epoch_timestamp": 1572004514.868, "class": "measurement", "sensor": "meastro", "frame": "body", "category": "thrust", "surge_command": 1.63915301556, "sway_command": 0.16601923749, "yaw_command": 0.0}, {"epoch_timestamp": 1572004515.728, "class": "measurement", "sensor": "meastro", "frame": "body", "category": "thrust", "surge_command": 1.63895436354, "sway_command": 0.166569158923, "yaw_command": 0.0}, {"epoch_timestamp": 1572004516.73, "class": "measurement", "sensor": "meastro", "frame": "body", "category": "thrust", "surge_command": 1.63893028701, "sway_command": 0.165424883441, "yaw_command": 0.0}, {"epoch_timestamp": 1572004517.838, "class": "measurement", "sensor": "meastro", "frame": "body", "category": "thrust", "surge_command": 1.63886696379, "sway_command": 0.164316293269, "yaw_command": 0.0}, {"epoch_timestamp": 1572004518.879, "class": "measurement", "sensor": "meastro", "frame": "body", "category": "thrust", "surge_command": 1.63880923213, "sway_command": 0.164233867084, "yaw_command": 0.0}, {"epoch_timestamp": 1572004519.218, "class": "measurement", "sensor": "sensehat", "frame": "inertial", "category": "orientation", "data": [{"heading": 206.93756439827862, "heading_std": "unknown"}, {"roll": 9.690532375536106, "roll_std": "unknown"}, {"pitch": 8.189518904476703, "pitch_std": "unknown"}]}, {"epoch_timestamp": 1572004519.218, "class": "measurement", "sensor": "sensehat", "frame": "body", "category": "acceleration", "data": [{"acceleration_z": 0.9642267823219299, "acceleration_z_std": "unknown"}, {"acceleration_x": -0.1047939881682396, "acceleration_x_std": "unknown"}, {"acceleration_y": 0.16788002848625183, "acceleration_y_std": "unknown"}]}, {"epoch_timestamp": 1572004519.662, "class": "measurement", "sensor": "meastro", "frame": "body", "category": "thrust", "surge_command": 1.63881779499, "sway_command": 0.163040795152, "yaw_command": 0.0}, {"epoch_timestamp": 1572004520.338, "class": "measurement", "sensor": "meastro", "frame": "body", "category": "thrust", "surge_command": 1.63873675487, "sway_command": 0.162566549692, "yaw_command": 0.0}, {"epoch_timestamp": 1572004521.473, "class": "measurement", "sensor": "meastro", "frame": "body", "category": "thrust", "surge_command": 1.63870676406, "sway_command": 0.161671898573, "yaw_command": 0.0}, {"epoch_timestamp": 1572004522.234, "class": "measurement", "sensor": "meastro", "frame": "body", "category": "thrust", "surge_command": 1.6388285414, "sway_command": 0.160492341458, "yaw_command": 0.0}, {"epoch_timestamp": 1572004523.068, "class": "measurement", "sensor": "sensehat", "frame": "inertial", "category": "orientation", "data": [{"heading": 181.86067512473855, "heading_std": "unknown"}, {"roll": 8.245075663185586, "roll_std": "unknown"}, {"pitch": 7.8359780677530875, "pitch_std": "unknown"}]}, {"epoch_timestamp": 1572004523.068, "class": "measurement", "sensor": "sensehat", "frame": "body", "category": "acceleration", "data": [{"acceleration_z": 0.9537174701690674, "acceleration_z_std": "unknown"}, {"acceleration_x": -0.13039974868297577, "acceleration_x_std": "unknown"}, {"acceleration_y": 0.14156873524188995, "acceleration_y_std": "unknown"}]}, {"epoch_timestamp": 1572004523.29, "class": "measurement", "sensor": "meastro", "frame": "body", "category": "thrust", "surge_command": 1.63878977235, "sway_command": 0.15973630027, "yaw_command": 0.0}, {"epoch_timestamp": 1572004524.074, "class": "measurement", "sensor": "meastro", "frame": "body", "category": "thrust", "surge_command": 1.63879531323, "sway_command": 0.159538775322, "yaw_command": 0.0}, {"epoch_timestamp": 1572004524.498, "class": "measurement", "sensor": "sensehat", "frame": "inertial", "category": "orientation", "data": [{"heading": 177.6454885378912, "heading_std": "unknown"}, {"roll": 7.611077013857493, "roll_std": "unknown"}, {"pitch": 6.322985725549951, "pitch_std": "unknown"}]}, {"epoch_timestamp": 1572004524.498, "class": "measurement", "sensor": "sensehat", "frame": "body", "category": "acceleration", "data": [{"acceleration_z": 0.9630325436592102, "acceleration_z_std": "unknown"}, {"acceleration_x": -0.10953579843044281, "acceleration_x_std": "unknown"}, {"acceleration_y": 0.1229412704706192, "acceleration_y_std": "unknown"}]}, {"epoch_timestamp": 1572004525.194, "class": "measurement", "sensor": "meastro", "frame": "body", "category": "thrust", "surge_command": 1.63863669012, "sway_command": 0.160925237047, "yaw_command": 0.0}, {"epoch_timestamp": 1572004526.093, "class": "measurement", "sensor": "meastro", "frame": "body", "category": "thrust", "surge_command": 1.63826947012, "sway_command": 0.164167561425, "yaw_command": 0.0}, {"epoch_timestamp": 1572004527.855, "class": "measurement", "sensor": "meastro", "frame": "body", "category": "thrust", "surge_command": 1.63777821323, "sway_command": 0.169631316728, "yaw_command": 0.0}, {"epoch_timestamp": 1572004528.058, "class": "measurement", "sensor": "sensehat", "frame": "inertial", "category": "orientation", "data": [{"heading": 175.34972535406652, "heading_std": "unknown"}, {"roll": 7.762118963389509, "roll_std": "unknown"}, {"pitch": 2.4462606392138047, "pitch_std": "unknown"}]}, {"epoch_timestamp": 1572004528.058, "class": "measurement", "sensor": "sensehat", "frame": "body", "category": "acceleration", "data": [{"acceleration_z": 0.9608829021453857, "acceleration_z_std": "unknown"}, {"acceleration_x": -0.05002608895301819, "acceleration_x_std": "unknown"}, {"acceleration_y": 0.12387263774871826, "acceleration_y_std": "unknown"}]}, {"epoch_timestamp": 1572004528.608, "class": "measurement", "sensor": "meastro", "frame": "body", "category": "thrust", "surge_command": 1.63712981318, "sway_command": 0.175797401403, "yaw_command": 0.0}, {"epoch_timestamp": 1572004529.469, "class": "measurement", "sensor": "meastro", "frame": "body", "category": "thrust", "surge_command": 1.63612848351, "sway_command": 0.184194282988, "yaw_command": 0.0}, {"epoch_timestamp": 1572004530.854, "class": "measurement", "sensor": "meastro", "frame": "body", "category": "thrust", "surge_command": 1.63540064261, "sway_command": 0.191216741735, "yaw_command": 0.0}, {"epoch_timestamp": 1572004531.332, "class": "measurement", "sensor": "meastro", "frame": "body", "category": "thrust", "surge_command": 1.63440509577, "sway_command": 0.199731707503, "yaw_command": 0.0}, {"epoch_timestamp": 1572004532.505, "class": "measurement", "sensor": "meastro", "frame": "body", "category": "thrust", "surge_command": 1.63359055706, "sway_command": 0.205251292603, "yaw_command": 0.0}, {"epoch_timestamp": 1572004532.667, "class": "measurement", "sensor": "sensehat", "frame": "inertial", "category": "orientation", "data": [{"heading": 177.39932852020394, "heading_std": "unknown"}, {"roll": 7.081733511200096, "roll_std": "unknown"}, {"pitch": 8.207785391638255, "pitch_std": "unknown"}]}, {"epoch_timestamp": 1572004532.667, "class": "measurement", "sensor": "sensehat", "frame": "body", "category": "acceleration", "data": [{"acceleration_z": 0.9465520977973938, "acceleration_z_std": "unknown"}, {"acceleration_x": -0.1377495676279068, "acceleration_x_std": "unknown"}, {"acceleration_y": 0.11479175835847855, "acceleration_y_std": "unknown"}]}, {"epoch_timestamp": 1572004533.382, "class": "measurement", "sensor": "meastro", "frame": "body", "category": "thrust", "surge_command": 1.63269341193, "sway_command": 0.211102487723, "yaw_command": 0.0}, {"epoch_timestamp": 1572004535.013, "class": "measurement", "sensor": "meastro", "frame": "body", "category": "thrust", "surge_command": 1.63179413965, "sway_command": 0.215022154087, "yaw_command": 0.0}, {"epoch_timestamp": 1572004536.512, "class": "measurement", "sensor": "meastro", "frame": "body", "category": "thrust", "surge_command": 1.63044951877, "sway_command": 0.223741399558, "yaw_command": 0.0}, {"epoch_timestamp": 1572004537.344, "class": "measurement", "sensor": "meastro", "frame": "body", "category": "thrust", "surge_command": 1.62976275372, "sway_command": 0.22891543562, "yaw_command": 0.0}, {"epoch_timestamp": 1572004537.483, "class": "measurement", "sensor": "sensehat", "frame": "inertial", "category": "orientation", "data": [{"heading": 197.83712963118035, "heading_std": "unknown"}, {"roll": 7.918684828412772, "roll_std": "unknown"}, {"pitch": 5.788936649441239, "pitch_std": "unknown"}]}, {"epoch_timestamp": 1572004537.483, "class": "measurement", "sensor": "sensehat", "frame": "body", "category": "acceleration", "data": [{"acceleration_z": 0.9807072281837463, "acceleration_z_std": "unknown"}, {"acceleration_x": -0.0765802189707756, "acceleration_x_std": "unknown"}, {"acceleration_y": 0.13761039078235626, "acceleration_y_std": "unknown"}]}, {"epoch_timestamp": 1572004538.333, "class": "measurement", "sensor": "meastro", "frame": "body", "category": "thrust", "surge_command": 1.62905200807, "sway_command": 0.233706936449, "yaw_command": 0.0}, {"epoch_timestamp": 1572004539.271, "class": "measurement", "sensor": "meastro", "frame": "body", "category": "thrust", "surge_command": 1.62852014166, "sway_command": 0.237115305311, "yaw_command": 0.0}, {"epoch_timestamp": 1572004539.945, "class": "measurement", "sensor": "sensehat", "frame": "inertial", "category": "orientation", "data": [{"heading": 219.79367430315676, "heading_std": "unknown"}, {"roll": 6.9044324725171435, "roll_std": "unknown"}, {"pitch": 4.49126004440723, "pitch_std": "unknown"}]}, {"epoch_timestamp": 1572004539.945, "class": "measurement", "sensor": "sensehat", "frame": "body", "category": "acceleration", "data": [{"acceleration_z": 0.9496570825576782, "acceleration_z_std": "unknown"}, {"acceleration_x": -0.07847694307565689, "acceleration_x_std": "unknown"}, {"acceleration_y": 0.11060056835412979, "acceleration_y_std": "unknown"}]}, {"epoch_timestamp": 1572004540.293, "class": "measurement", "sensor": "meastro", "frame": "body", "category": "thrust", "surge_command": 1.62836239759, "sway_command": 0.238078550487, "yaw_command": 0.0}, {"epoch_timestamp": 1572004541.068, "class": "measurement", "sensor": "sensehat", "frame": "inertial", "category": "orientation", "data": [{"heading": 235.55508713376992, "heading_std": "unknown"}, {"roll": 7.755327194033577, "roll_std": "unknown"}, {"pitch": 5.489875109084938, "pitch_std": "unknown"}]}, {"epoch_timestamp": 1572004541.068, "class": "measurement", "sensor": "sensehat", "frame": "body", "category": "acceleration", "data": [{"acceleration_z": 0.9773633480072021, "acceleration_z_std": "unknown"}, {"acceleration_x": -0.09127983450889587, "acceleration_x_std": "unknown"}, {"acceleration_y": 0.13761039078235626, "acceleration_y_std": "unknown"}]}, {"epoch_timestamp": 1572004541.386, "class": "measurement", "sensor": "meastro", "frame": "body", "category": "thrust", "surge_command": 1.62886393948, "sway_command": 0.236148469468, "yaw_command": 0.0}, {"epoch_timestamp": 1572004542.125, "class": "measurement", "sensor": "meastro", "frame": "body", "category": "thrust", "surge_command": 1.62997696394, "sway_command": 0.229062520743, "yaw_command": 0.0}, {"epoch_timestamp": 1572004543.187, "class": "measurement", "sensor": "sensehat", "frame": "inertial", "category": "orientation", "data": [{"heading": 285.8259351232241, "heading_std": "unknown"}, {"roll": 7.961388024877338, "roll_std": "unknown"}, {"pitch": 5.8927516828440245, "pitch_std": "unknown"}]}, {"epoch_timestamp": 1572004543.187, "class": "measurement", "sensor": "sensehat", "frame": "body", "category": "acceleration", "data": [{"acceleration_z": 0.9584944248199463, "acceleration_z_std": "unknown"}, {"acceleration_x": -0.08819765597581863, "acceleration_x_std": "unknown"}, {"acceleration_y": 0.135980486869812, "acceleration_y_std": "unknown"}]}, {"epoch_timestamp": 1572004543.539, "class": "measurement", "sensor": "meastro", "frame": "body", "category": "thrust", "surge_command": 1.63178508194, "sway_command": 0.216000715529, "yaw_command": 0.0}, {"epoch_timestamp": 1572004544.189, "class": "measurement", "sensor": "meastro", "frame": "body", "category": "thrust", "surge_command": 1.63355516435, "sway_command": 0.202192646123, "yaw_command": 0.0}, {"epoch_timestamp": 1572004545.148, "class": "measurement", "sensor": "meastro", "frame": "body", "category": "thrust", "surge_command": 1.63477654669, "sway_command": 0.190084562879, "yaw_command": 0.0}, {"epoch_timestamp": 1572004546.143, "class": "measurement", "sensor": "meastro", "frame": "body", "category": "thrust", "surge_command": 1.63564375591, "sway_command": 0.180994675296, "yaw_command": 0.0}, {"epoch_timestamp": 1572004546.277, "class": "measurement", "sensor": "sensehat", "frame": "inertial", "category": "orientation", "data": [{"heading": 28.142889474972513, "heading_std": "unknown"}, {"roll": 6.389490850611542, "roll_std": "unknown"}, {"pitch": 0.2063304899138442, "pitch_std": "unknown"}]}, {"epoch_timestamp": 1572004546.277, "class": "measurement", "sensor": "sensehat", "frame": "body", "category": "acceleration", "data": [{"acceleration_z": 0.9780799150466919, "acceleration_z_std": "unknown"}, {"acceleration_x": -0.0829816684126854, "acceleration_x_std": "unknown"}, {"acceleration_y": 0.1171201840043068, "acceleration_y_std": "unknown"}]}, {"epoch_timestamp": 1572004547.126, "class": "measurement", "sensor": "meastro", "frame": "body", "category": "thrust", "surge_command": 1.63632401787, "sway_command": 0.174800952279, "yaw_command": 0.0}, {"epoch_timestamp": 1572004548.41, "class": "measurement", "sensor": "meastro", "frame": "body", "category": "thrust", "surge_command": 1.63628770169, "sway_command": 0.173962330921, "yaw_command": 0.0}, {"epoch_timestamp": 1572004549.048, "class": "measurement", "sensor": "sensehat", "frame": "inertial", "category": "orientation", "data": [{"heading": 64.6598982308933, "heading_std": "unknown"}, {"roll": 7.38690422888215, "roll_std": "unknown"}, {"pitch": 9.703157126443228, "pitch_std": "unknown"}]}, {"epoch_timestamp": 1572004549.048, "class": "measurement", "sensor": "sensehat", "frame": "body", "category": "acceleration", "data": [{"acceleration_z": 0.9658986926078796, "acceleration_z_std": "unknown"}, {"acceleration_x": -0.16999386250972748, "acceleration_x_std": "unknown"}, {"acceleration_y": 0.12526971101760864, "acceleration_y_std": "unknown"}]}, {"epoch_timestamp": 1572004549.254, "class": "measurement", "sensor": "meastro", "frame": "body", "category": "thrust", "surge_command": 1.63574325075, "sway_command": 0.17559723993, "yaw_command": 0.0}, {"epoch_timestamp": 1572004550.112, "class": "measurement", "sensor": "meastro", "frame": "body", "category": "thrust", "surge_command": 1.63549212495, "sway_command": 0.178454918656, "yaw_command": 0.0}, {"epoch_timestamp": 1572004551.08, "class": "measurement", "sensor": "meastro", "frame": "body", "category": "thrust", "surge_command": 1.63533554059, "sway_command": 0.179299824202, "yaw_command": 0.0}, {"epoch_timestamp": 1572004552.021, "class": "measurement", "sensor": "sensehat", "frame": "inertial", "category": "orientation", "data": [{"heading": 86.33904843010801, "heading_std": "unknown"}, {"roll": 7.550792056695667, "roll_std": "unknown"}, {"pitch": 2.1200834612959647, "pitch_std": "unknown"}]}, {"epoch_timestamp": 1572004552.021, "class": "measurement", "sensor": "sensehat", "frame": "body", "category": "acceleration", "data": [{"acceleration_z": 0.9670929312705994, "acceleration_z_std": "unknown"}, {"acceleration_x": -0.034615207463502884, "acceleration_x_std": "unknown"}, {"acceleration_y": 0.12783098220825195, "acceleration_y_std": "unknown"}]}, {"epoch_timestamp": 1572004552.22, "class": "measurement", "sensor": "meastro", "frame": "body", "category": "thrust", "surge_command": 1.63542899183, "sway_command": 0.177473913946, "yaw_command": 0.0}]