[{"epoch_timestamp": 1572006095.685, "class": "measurement", "sensor": "sensehat", "frame": "inertial", "category": "orientation", "data": [{"heading": 138.2838460115381, "heading_std": "unknown"}, {"roll": 7.9670425677364625, "roll_std": "unknown"}, {"pitch": 4.928629500361705, "pitch_std": "unknown"}]}, {"epoch_timestamp": 1572006095.685, "class": "measurement", "sensor": "sensehat", "frame": "body", "category": "acceleration", "data": [{"acceleration_z": 0.9654209613800049, "acceleration_z_std": "unknown"}, {"acceleration_x": -0.08440420776605606, "acceleration_x_std": "unknown"}, {"acceleration_y": 0.13574765622615814, "acceleration_y_std": "unknown"}]}, {"epoch_timestamp": 1572006096.238, "class": "measurement", "sensor": "sensehat", "frame": "inertial", "category": "orientation", "data": [{"heading": 138.2621806514908, "heading_std": "unknown"}, {"roll": 7.767685567563069, "roll_std": "unknown"}, {"pitch": 4.504466642054274, "pitch_std": "unknown"}]}, {"epoch_timestamp": 1572006096.238, "class": "measurement", "sensor": "sensehat", "frame": "body", "category": "acceleration", "data": [{"acceleration_z": 0.9666152596473694, "acceleration_z_std": "unknown"}, {"acceleration_x": -0.07634313404560089, "acceleration_x_std": "unknown"}, {"acceleration_y": 0.13062509894371033, "acceleration_y_std": "unknown"}]}, {"epoch_timestamp": 1572006096.608, "class": "measurement", "sensor": "sensehat", "frame": "inertial", "category": "orientation", "data": [{"heading": 137.56615705430983, "heading_std": "unknown"}, {"roll": 8.020702241403376, "roll_std": "unknown"}, {"pitch": 4.710212857309391, "pitch_std": "unknown"}]}, {"epoch_timestamp": 1572006096.608, "class": "measurement", "sensor": "sensehat", "frame": "body", "category": "acceleration", "data": [{"acceleration_z": 0.9713921546936035, "acceleration_z_std": "unknown"}, {"acceleration_x": -0.08321875333786011, "acceleration_x_std": "unknown"}, {"acceleration_y": 0.13574765622615814, "acceleration_y_std": "unknown"}]}, {"epoch_timestamp": 1572006096.979, "class": "measurement", "sensor": "sensehat", "frame": "inertial", "category": "orientation", "data": [{"heading": 137.8913013795591, "heading_std": "unknown"}, {"roll": 8.137352480917084, "roll_std": "unknown"}, {"pitch": 4.641014503280699, "pitch_std": "unknown"}]}, {"epoch_timestamp": 1572006096.979, "class": "measurement", "sensor": "sensehat", "frame": "body", "category": "acceleration", "data": [{"acceleration_z": 0.9654209613800049, "acceleration_z_std": "unknown"}, {"acceleration_x": -0.07989948987960815, "acceleration_x_std": "unknown"}, {"acceleration_y": 0.13807609677314758, "acceleration_y_std": "unknown"}]}, {"epoch_timestamp": 1572006097.418, "class": "measurement", "sensor": "sensehat", "frame": "inertial", "category": "orientation", "data": [{"heading": 136.33263855058385, "heading_std": "unknown"}, {"roll": 7.858720890141937, "roll_std": "unknown"}, {"pitch": 4.943737025032127, "pitch_std": "unknown"}]}, {"epoch_timestamp": 1572006097.418, "class": "measurement", "sensor": "sensehat", "frame": "body", "category": "acceleration", "data": [{"acceleration_z": 0.9682871699333191, "acceleration_z_std": "unknown"}, {"acceleration_x": -0.08464130014181137, "acceleration_x_std": "unknown"}, {"acceleration_y": 0.13248784840106964, "acceleration_y_std": "unknown"}]}, {"epoch_timestamp": 1572006097.818, "class": "measurement", "sensor": "sensehat", "frame": "inertial", "category": "orientation", "data": [{"heading": 135.48553116896218, "heading_std": "unknown"}, {"roll": 7.794797149699788, "roll_std": "unknown"}, {"pitch": 4.518021152462164, "pitch_std": "unknown"}]}, {"epoch_timestamp": 1572006097.818, "class": "measurement", "sensor": "sensehat", "frame": "body", "category": "acceleration", "data": [{"acceleration_z": 0.9656598567962646, "acceleration_z_std": "unknown"}, {"acceleration_x": -0.07634313404560089, "acceleration_x_std": "unknown"}, {"acceleration_y": 0.1308579444885254, "acceleration_y_std": "unknown"}]}, {"epoch_timestamp": 1572006098.178, "class": "measurement", "sensor": "sensehat", "frame": "inertial", "category": "orientation", "data": [{"heading": 136.19771499371942, "heading_std": "unknown"}, {"roll": 7.988164927744727, "roll_std": "unknown"}, {"pitch": 4.544003618951716, "pitch_std": "unknown"}]}, {"epoch_timestamp": 1572006098.178, "class": "measurement", "sensor": "sensehat", "frame": "body", "category": "acceleration", "data": [{"acceleration_z": 0.9694814085960388, "acceleration_z_std": "unknown"}, {"acceleration_x": -0.07705440372228622, "acceleration_x_std": "unknown"}, {"acceleration_y": 0.1341177523136139, "acceleration_y_std": "unknown"}]}, {"epoch_timestamp": 1572006098.568, "class": "measurement", "sensor": "sensehat", "frame": "inertial", "category": "orientation", "data": [{"heading": 135.0296706833772, "heading_std": "unknown"}, {"roll": 7.870344164562007, "roll_std": "unknown"}, {"pitch": 4.486206558195067, "pitch_std": "unknown"}]}, {"epoch_timestamp": 1572006098.568, "class": "measurement", "sensor": "sensehat", "frame": "body", "category": "acceleration", "data": [{"acceleration_z": 0.9651821851730347, "acceleration_z_std": "unknown"}, {"acceleration_x": -0.07847694307565689, "acceleration_x_std": "unknown"}, {"acceleration_y": 0.13435059785842896, "acceleration_y_std": "unknown"}]}, {"epoch_timestamp": 1572006098.948, "class": "measurement", "sensor": "sensehat", "frame": "inertial", "category": "orientation", "data": [{"heading": 134.88137361611788, "heading_std": "unknown"}, {"roll": 8.03508235092719, "roll_std": "unknown"}, {"pitch": 5.111111237530112, "pitch_std": "unknown"}]}, {"epoch_timestamp": 1572006098.948, "class": "measurement", "sensor": "sensehat", "frame": "body", "category": "acceleration", "data": [{"acceleration_z": 0.9658986926078796, "acceleration_z_std": "unknown"}, {"acceleration_x": -0.08677511662244797, "acceleration_x_std": "unknown"}, {"acceleration_y": 0.13714469969272614, "acceleration_y_std": "unknown"}]}, {"epoch_timestamp": 1572006099.328, "class": "measurement", "sensor": "sensehat", "frame": "inertial", "category": "orientation", "data": [{"heading": 135.29455907976865, "heading_std": "unknown"}, {"roll": 8.131049070086808, "roll_std": "unknown"}, {"pitch": 4.933177125688464, "pitch_std": "unknown"}]}, {"epoch_timestamp": 1572006099.328, "class": "measurement", "sensor": "sensehat", "frame": "body", "category": "acceleration", "data": [{"acceleration_z": 0.9704368114471436, "acceleration_z_std": "unknown"}, {"acceleration_x": -0.08274457603693008, "acceleration_x_std": "unknown"}, {"acceleration_y": 0.13528196513652802, "acceleration_y_std": "unknown"}]}, {"epoch_timestamp": 1572006099.748, "class": "measurement", "sensor": "sensehat", "frame": "inertial", "category": "orientation", "data": [{"heading": 134.38460029740452, "heading_std": "unknown"}, {"roll": 7.572262756351603, "roll_std": "unknown"}, {"pitch": 4.198561679036443, "pitch_std": "unknown"}]}, {"epoch_timestamp": 1572006099.748, "class": "measurement", "sensor": "sensehat", "frame": "body", "category": "acceleration", "data": [{"acceleration_z": 0.9663764238357544, "acceleration_z_std": "unknown"}, {"acceleration_x": -0.07183841615915298, "acceleration_x_std": "unknown"}, {"acceleration_y": 0.12783098220825195, "acceleration_y_std": "unknown"}]}, {"epoch_timestamp": 1572006100.148, "class": "measurement", "sensor": "sensehat", "frame": "inertial", "category": "orientation", "data": [{"heading": 134.0431728011739, "heading_std": "unknown"}, {"roll": 7.719472115985595, "roll_std": "unknown"}, {"pitch": 4.472880005350726, "pitch_std": "unknown"}]}, {"epoch_timestamp": 1572006100.148, "class": "measurement", "sensor": "sensehat", "frame": "body", "category": "acceleration", "data": [{"acceleration_z": 0.9685260057449341, "acceleration_z_std": "unknown"}, {"acceleration_x": -0.07847694307565689, "acceleration_x_std": "unknown"}, {"acceleration_y": 0.13178931176662445, "acceleration_y_std": "unknown"}]}, {"epoch_timestamp": 1572006100.53, "class": "measurement", "sensor": "sensehat", "frame": "inertial", "category": "orientation", "data": [{"heading": 134.04199800863668, "heading_std": "unknown"}, {"roll": 8.202084745002233, "roll_std": "unknown"}, {"pitch": 4.912485921371556, "pitch_std": "unknown"}]}, {"epoch_timestamp": 1572006100.53, "class": "measurement", "sensor": "sensehat", "frame": "body", "category": "acceleration", "data": [{"acceleration_z": 0.9670929312705994, "acceleration_z_std": "unknown"}, {"acceleration_x": -0.08369293808937073, "acceleration_x_std": "unknown"}, {"acceleration_y": 0.14040450751781464, "acceleration_y_std": "unknown"}]}, {"epoch_timestamp": 1572006100.988, "class": "measurement", "sensor": "sensehat", "frame": "inertial", "category": "orientation", "data": [{"heading": 132.9426107598314, "heading_std": "unknown"}, {"roll": 8.021503934857204, "roll_std": "unknown"}, {"pitch": 4.986576825280093, "pitch_std": "unknown"}]}, {"epoch_timestamp": 1572006100.988, "class": "measurement", "sensor": "sensehat", "frame": "body", "category": "acceleration", "data": [{"acceleration_z": 0.9656598567962646, "acceleration_z_std": "unknown"}, {"acceleration_x": -0.08393002301454544, "acceleration_x_std": "unknown"}, {"acceleration_y": 0.13365206122398376, "acceleration_y_std": "unknown"}]}, {"epoch_timestamp": 1572006101.418, "class": "measurement", "sensor": "sensehat", "frame": "inertial", "category": "orientation", "data": [{"heading": 133.42961690803168, "heading_std": "unknown"}, {"roll": 7.650345478943188, "roll_std": "unknown"}, {"pitch": 4.54766844232825, "pitch_std": "unknown"}]}, {"epoch_timestamp": 1572006101.418, "class": "measurement", "sensor": "sensehat", "frame": "body", "category": "acceleration", "data": [{"acceleration_z": 0.9692425727844238, "acceleration_z_std": "unknown"}, {"acceleration_x": -0.07634313404560089, "acceleration_x_std": "unknown"}, {"acceleration_y": 0.12992657721042633, "acceleration_y_std": "unknown"}]}, {"epoch_timestamp": 1572006101.868, "class": "measurement", "sensor": "sensehat", "frame": "inertial", "category": "orientation", "data": [{"heading": 131.94556706554965, "heading_std": "unknown"}, {"roll": 8.071369438440176, "roll_std": "unknown"}, {"pitch": 4.579653364437774, "pitch_std": "unknown"}]}, {"epoch_timestamp": 1572006101.868, "class": "measurement", "sensor": "sensehat", "frame": "body", "category": "acceleration", "data": [{"acceleration_z": 0.9656598567962646, "acceleration_z_std": "unknown"}, {"acceleration_x": -0.07847694307565689, "acceleration_x_std": "unknown"}, {"acceleration_y": 0.13574765622615814, "acceleration_y_std": "unknown"}]}, {"epoch_timestamp": 1572006102.208, "class": "measurement", "sensor": "sensehat", "frame": "inertial", "category": "orientation", "data": [{"heading": 132.9627734782613, "heading_std": "unknown"}, {"roll": 7.955494425397263, "roll_std": "unknown"}, {"pitch": 4.481377187565045, "pitch_std": "unknown"}]}, {"epoch_timestamp": 1572006102.208, "class": "measurement", "sensor": "sensehat", "frame": "body", "category": "acceleration", "data": [{"acceleration_z": 0.9658986926078796, "acceleration_z_std": "unknown"}, {"acceleration_x": -0.0765802189707756, "acceleration_x_std": "unknown"}, {"acceleration_y": 0.13295352458953857, "acceleration_y_std": "unknown"}]}, {"epoch_timestamp": 1572006102.548, "class": "measurement", "sensor": "sensehat", "frame": "inertial", "category": "orientation", "data": [{"heading": 132.74265014169012, "heading_std": "unknown"}, {"roll": 7.671342334225454, "roll_std": "unknown"}, {"pitch": 4.55191425867106, "pitch_std": "unknown"}]}, {"epoch_timestamp": 1572006102.548, "class": "measurement", "sensor": "sensehat", "frame": "body", "category": "acceleration", "data": [{"acceleration_z": 0.9694814085960388, "acceleration_z_std": "unknown"}, {"acceleration_x": -0.07776567339897156, "acceleration_x_std": "unknown"}, {"acceleration_y": 0.13109079003334045, "acceleration_y_std": "unknown"}]}, {"epoch_timestamp": 1572006102.898, "class": "measurement", "sensor": "sensehat", "frame": "inertial", "category": "orientation", "data": [{"heading": 131.53320122459928, "heading_std": "unknown"}, {"roll": 8.148901477029929, "roll_std": "unknown"}, {"pitch": 5.3167652452314345, "pitch_std": "unknown"}]}, {"epoch_timestamp": 1572006102.898, "class": "measurement", "sensor": "sensehat", "frame": "body", "category": "acceleration", "data": [{"acceleration_z": 0.9666152596473694, "acceleration_z_std": "unknown"}, {"acceleration_x": -0.0744464099407196, "acceleration_x_std": "unknown"}, {"acceleration_y": 0.13807609677314758, "acceleration_y_std": "unknown"}]}, {"epoch_timestamp": 1572006104.008, "class": "measurement", "sensor": "sensehat", "frame": "inertial", "category": "orientation", "data": [{"heading": 131.88966879738226, "heading_std": "unknown"}, {"roll": 7.36257167996398, "roll_std": "unknown"}, {"pitch": 4.064806511406907, "pitch_std": "unknown"}]}, {"epoch_timestamp": 1572006104.008, "class": "measurement", "sensor": "sensehat", "frame": "body", "category": "acceleration", "data": [{"acceleration_z": 0.9692425727844238, "acceleration_z_std": "unknown"}, {"acceleration_x": -0.07112714648246765, "acceleration_x_std": "unknown"}, {"acceleration_y": 0.12596823275089264, "acceleration_y_std": "unknown"}]}, {"epoch_timestamp": 1572006104.358, "class": "measurement", "sensor": "sensehat", "frame": "inertial", "category": "orientation", "data": [{"heading": 132.4946596333053, "heading_std": "unknown"}, {"roll": 7.897366954239516, "roll_std": "unknown"}, {"pitch": 4.89522816777305, "pitch_std": "unknown"}]}, {"epoch_timestamp": 1572006104.358, "class": "measurement", "sensor": "sensehat", "frame": "body", "category": "acceleration", "data": [{"acceleration_z": 0.9658986926078796, "acceleration_z_std": "unknown"}, {"acceleration_x": -0.08843474835157394, "acceleration_x_std": "unknown"}, {"acceleration_y": 0.13644619286060333, "acceleration_y_std": "unknown"}]}, {"epoch_timestamp": 1572006104.728, "class": "measurement", "sensor": "sensehat", "frame": "inertial", "category": "orientation", "data": [{"heading": 130.5468672669361, "heading_std": "unknown"}, {"roll": 8.338905386908637, "roll_std": "unknown"}, {"pitch": 5.269788911667379, "pitch_std": "unknown"}]}, {"epoch_timestamp": 1572006104.728, "class": "measurement", "sensor": "sensehat", "frame": "body", "category": "acceleration", "data": [{"acceleration_z": 0.9680482745170593, "acceleration_z_std": "unknown"}, {"acceleration_x": -0.08890892565250397, "acceleration_x_std": "unknown"}, {"acceleration_y": 0.14087019860744476, "acceleration_y_std": "unknown"}]}, {"epoch_timestamp": 1572006105.148, "class": "measurement", "sensor": "sensehat", "frame": "inertial", "category": "orientation", "data": [{"heading": 131.22652573086572, "heading_std": "unknown"}, {"roll": 8.076072877457376, "roll_std": "unknown"}, {"pitch": 4.716804843632099, "pitch_std": "unknown"}]}, {"epoch_timestamp": 1572006105.148, "class": "measurement", "sensor": "sensehat", "frame": "body", "category": "acceleration", "data": [{"acceleration_z": 0.9613606333732605, "acceleration_z_std": "unknown"}, {"acceleration_x": -0.0765802189707756, "acceleration_x_std": "unknown"}, {"acceleration_y": 0.13388489186763763, "acceleration_y_std": "unknown"}]}, {"epoch_timestamp": 1572006105.508, "class": "measurement", "sensor": "sensehat", "frame": "inertial", "category": "orientation", "data": [{"heading": 129.4047366943049, "heading_std": "unknown"}, {"roll": 7.604213527515276, "roll_std": "unknown"}, {"pitch": 4.310167823848098, "pitch_std": "unknown"}]}, {"epoch_timestamp": 1572006105.508, "class": "measurement", "sensor": "sensehat", "frame": "body", "category": "acceleration", "data": [{"acceleration_z": 0.9704368114471436, "acceleration_z_std": "unknown"}, {"acceleration_x": -0.07492059469223022, "acceleration_x_std": "unknown"}, {"acceleration_y": 0.12992657721042633, "acceleration_y_std": "unknown"}]}, {"epoch_timestamp": 1572006105.848, "class": "measurement", "sensor": "sensehat", "frame": "inertial", "category": "orientation", "data": [{"heading": 129.91996518415564, "heading_std": "unknown"}, {"roll": 7.778222841905106, "roll_std": "unknown"}, {"pitch": 4.575352479694781, "pitch_std": "unknown"}]}, {"epoch_timestamp": 1572006105.848, "class": "measurement", "sensor": "sensehat", "frame": "body", "category": "acceleration", "data": [{"acceleration_z": 0.9716310501098633, "acceleration_z_std": "unknown"}, {"acceleration_x": -0.07729149609804153, "acceleration_x_std": "unknown"}, {"acceleration_y": 0.13295352458953857, "acceleration_y_std": "unknown"}]}, {"epoch_timestamp": 1572006106.218, "class": "measurement", "sensor": "sensehat", "frame": "inertial", "category": "orientation", "data": [{"heading": 130.35489797012372, "heading_std": "unknown"}, {"roll": 7.7617117133602465, "roll_std": "unknown"}, {"pitch": 4.5505460864029414, "pitch_std": "unknown"}]}, {"epoch_timestamp": 1572006106.218, "class": "measurement", "sensor": "sensehat", "frame": "body", "category": "acceleration", "data": [{"acceleration_z": 0.9656598567962646, "acceleration_z_std": "unknown"}, {"acceleration_x": -0.0787140429019928, "acceleration_x_std": "unknown"}, {"acceleration_y": 0.1308579444885254, "acceleration_y_std": "unknown"}]}, {"epoch_timestamp": 1572006106.568, "class": "measurement", "sensor": "sensehat", "frame": "inertial", "category": "orientation", "data": [{"heading": 131.11784376079248, "heading_std": "unknown"}, {"roll": 8.202557735602257, "roll_std": "unknown"}, {"pitch": 5.0174689171224145, "pitch_std": "unknown"}]}, {"epoch_timestamp": 1572006106.568, "class": "measurement", "sensor": "sensehat", "frame": "body", "category": "acceleration", "data": [{"acceleration_z": 0.9656598567962646, "acceleration_z_std": "unknown"}, {"acceleration_x": -0.08487839251756668, "acceleration_x_std": "unknown"}, {"acceleration_y": 0.13970600068569183, "acceleration_y_std": "unknown"}]}, {"epoch_timestamp": 1572006106.948, "class": "measurement", "sensor": "sensehat", "frame": "inertial", "category": "orientation", "data": [{"heading": 130.3899778217009, "heading_std": "unknown"}, {"roll": 8.307136469531615, "roll_std": "unknown"}, {"pitch": 5.047135416895542, "pitch_std": "unknown"}]}, {"epoch_timestamp": 1572006106.948, "class": "measurement", "sensor": "sensehat", "frame": "body", "category": "acceleration", "data": [{"acceleration_z": 0.9604052305221558, "acceleration_z_std": "unknown"}, {"acceleration_x": -0.08606383949518204, "acceleration_x_std": "unknown"}, {"acceleration_y": 0.13830892741680145, "acceleration_y_std": "unknown"}]}, {"epoch_timestamp": 1572006107.298, "class": "measurement", "sensor": "sensehat", "frame": "inertial", "category": "orientation", "data": [{"heading": 130.45836167567106, "heading_std": "unknown"}, {"roll": 7.6415345349138715, "roll_std": "unknown"}, {"pitch": 4.479334534116388, "pitch_std": "unknown"}]}, {"epoch_timestamp": 1572006107.298, "class": "measurement", "sensor": "sensehat", "frame": "body", "category": "acceleration", "data": [{"acceleration_z": 0.9718698859214783, "acceleration_z_std": "unknown"}, {"acceleration_x": -0.07610604166984558, "acceleration_x_std": "unknown"}, {"acceleration_y": 0.12969371676445007, "acceleration_y_std": "unknown"}]}, {"epoch_timestamp": 1572006107.678, "class": "measurement", "sensor": "sensehat", "frame": "inertial", "category": "orientation", "data": [{"heading": 129.35468506806706, "heading_std": "unknown"}, {"roll": 7.526762597421916, "roll_std": "unknown"}, {"pitch": 4.091936022790197, "pitch_std": "unknown"}]}, {"epoch_timestamp": 1572006107.678, "class": "measurement", "sensor": "sensehat", "frame": "body", "category": "acceleration", "data": [{"acceleration_z": 0.9685260057449341, "acceleration_z_std": "unknown"}, {"acceleration_x": -0.07231259346008301, "acceleration_x_std": "unknown"}, {"acceleration_y": 0.1275981366634369, "acceleration_y_std": "unknown"}]}, {"epoch_timestamp": 1572006108.018, "class": "measurement", "sensor": "sensehat", "frame": "inertial", "category": "orientation", "data": [{"heading": 129.04347432872459, "heading_std": "unknown"}, {"roll": 7.872070494874727, "roll_std": "unknown"}, {"pitch": 4.683242147824303, "pitch_std": "unknown"}]}, {"epoch_timestamp": 1572006108.018, "class": "measurement", "sensor": "sensehat", "frame": "body", "category": "acceleration", "data": [{"acceleration_z": 0.9635102152824402, "acceleration_z_std": "unknown"}, {"acceleration_x": -0.08061075955629349, "acceleration_x_std": "unknown"}, {"acceleration_y": 0.13435059785842896, "acceleration_y_std": "unknown"}]}, {"epoch_timestamp": 1572006108.428, "class": "measurement", "sensor": "sensehat", "frame": "inertial", "category": "orientation", "data": [{"heading": 129.98601311342966, "heading_std": "unknown"}, {"roll": 8.280353590248701, "roll_std": "unknown"}, {"pitch": 5.190334174826267, "pitch_std": "unknown"}]}, {"epoch_timestamp": 1572006108.428, "class": "measurement", "sensor": "sensehat", "frame": "body", "category": "acceleration", "data": [{"acceleration_z": 0.9713921546936035, "acceleration_z_std": "unknown"}, {"acceleration_x": -0.08890892565250397, "acceleration_x_std": "unknown"}, {"acceleration_y": 0.14017167687416077, "acceleration_y_std": "unknown"}]}, {"epoch_timestamp": 1572006108.768, "class": "measurement", "sensor": "sensehat", "frame": "inertial", "category": "orientation", "data": [{"heading": 128.68249883108942, "heading_std": "unknown"}, {"roll": 7.9922741403041355, "roll_std": "unknown"}, {"pitch": 4.907938296044797, "pitch_std": "unknown"}]}, {"epoch_timestamp": 1572006108.768, "class": "measurement", "sensor": "sensehat", "frame": "body", "category": "acceleration", "data": [{"acceleration_z": 0.9635102152824402, "acceleration_z_std": "unknown"}, {"acceleration_x": -0.08179621398448944, "acceleration_x_std": "unknown"}, {"acceleration_y": 0.13458342850208282, "acceleration_y_std": "unknown"}]}, {"epoch_timestamp": 1572006109.118, "class": "measurement", "sensor": "sensehat", "frame": "inertial", "category": "orientation", "data": [{"heading": 129.31853970697935, "heading_std": "unknown"}, {"roll": 7.827462529405374, "roll_std": "unknown"}, {"pitch": 4.403905766904176, "pitch_std": "unknown"}]}, {"epoch_timestamp": 1572006109.118, "class": "measurement", "sensor": "sensehat", "frame": "body", "category": "acceleration", "data": [{"acceleration_z": 0.9632713794708252, "acceleration_z_std": "unknown"}, {"acceleration_x": -0.07610604166984558, "acceleration_x_std": "unknown"}, {"acceleration_y": 0.13202215731143951, "acceleration_y_std": "unknown"}]}, {"epoch_timestamp": 1572006109.488, "class": "measurement", "sensor": "sensehat", "frame": "inertial", "category": "orientation", "data": [{"heading": 128.48817994920256, "heading_std": "unknown"}, {"roll": 7.697333765338291, "roll_std": "unknown"}, {"pitch": 4.562459216975913, "pitch_std": "unknown"}]}, {"epoch_timestamp": 1572006109.488, "class": "measurement", "sensor": "sensehat", "frame": "body", "category": "acceleration", "data": [{"acceleration_z": 0.9728252291679382, "acceleration_z_std": "unknown"}, {"acceleration_x": -0.07895112782716751, "acceleration_x_std": "unknown"}, {"acceleration_y": 0.13202215731143951, "acceleration_y_std": "unknown"}]}, {"epoch_timestamp": 1572006109.828, "class": "measurement", "sensor": "sensehat", "frame": "inertial", "category": "orientation", "data": [{"heading": 128.44890636147497, "heading_std": "unknown"}, {"roll": 8.1306981691182, "roll_std": "unknown"}, {"pitch": 4.63552046986707, "pitch_std": "unknown"}]}, {"epoch_timestamp": 1572006109.828, "class": "measurement", "sensor": "sensehat", "frame": "body", "category": "acceleration", "data": [{"acceleration_z": 0.9685260057449341, "acceleration_z_std": "unknown"}, {"acceleration_x": -0.07823985069990158, "acceleration_x_std": "unknown"}, {"acceleration_y": 0.13784323632717133, "acceleration_y_std": "unknown"}]}, {"epoch_timestamp": 1572006110.178, "class": "measurement", "sensor": "sensehat", "frame": "inertial", "category": "orientation", "data": [{"heading": 129.52259843862265, "heading_std": "unknown"}, {"roll": 7.671882772943531, "roll_std": "unknown"}, {"pitch": 4.618325895518386, "pitch_std": "unknown"}]}, {"epoch_timestamp": 1572006110.178, "class": "measurement", "sensor": "sensehat", "frame": "body", "category": "acceleration", "data": [{"acceleration_z": 0.9637490510940552, "acceleration_z_std": "unknown"}, {"acceleration_x": -0.0787140429019928, "acceleration_x_std": "unknown"}, {"acceleration_y": 0.1301594078540802, "acceleration_y_std": "unknown"}]}, {"epoch_timestamp": 1572006110.548, "class": "measurement", "sensor": "sensehat", "frame": "inertial", "category": "orientation", "data": [{"heading": 128.85192850364075, "heading_std": "unknown"}, {"roll": 8.075560613269625, "roll_std": "unknown"}, {"pitch": 4.8389576542959, "pitch_std": "unknown"}]}, {"epoch_timestamp": 1572006110.548, "class": "measurement", "sensor": "sensehat", "frame": "body", "category": "acceleration", "data": [{"acceleration_z": 0.9668540954589844, "acceleration_z_std": "unknown"}, {"acceleration_x": -0.08345584571361542, "acceleration_x_std": "unknown"}, {"acceleration_y": 0.1373775601387024, "acceleration_y_std": "unknown"}]}, {"epoch_timestamp": 1572006110.908, "class": "measurement", "sensor": "sensehat", "frame": "inertial", "category": "orientation", "data": [{"heading": 128.38627352678597, "heading_std": "unknown"}, {"roll": 8.047626847111564, "roll_std": "unknown"}, {"pitch": 4.984788596378019, "pitch_std": "unknown"}]}, {"epoch_timestamp": 1572006110.908, "class": "measurement", "sensor": "sensehat", "frame": "body", "category": "acceleration", "data": [{"acceleration_z": 0.9716310501098633, "acceleration_z_std": "unknown"}, {"acceleration_x": -0.08653802424669266, "acceleration_x_std": "unknown"}, {"acceleration_y": 0.13644619286060333, "acceleration_y_std": "unknown"}]}, {"epoch_timestamp": 1572006111.258, "class": "measurement", "sensor": "sensehat", "frame": "inertial", "category": "orientation", "data": [{"heading": 127.74079332946307, "heading_std": "unknown"}, {"roll": 7.804539560777165, "roll_std": "unknown"}, {"pitch": 4.51569205795519, "pitch_std": "unknown"}]}, {"epoch_timestamp": 1572006111.258, "class": "measurement", "sensor": "sensehat", "frame": "body", "category": "acceleration", "data": [{"acceleration_z": 0.9654209613800049, "acceleration_z_std": "unknown"}, {"acceleration_x": -0.07349804788827896, "acceleration_x_std": "unknown"}, {"acceleration_y": 0.13155648112297058, "acceleration_y_std": "unknown"}]}, {"epoch_timestamp": 1572006111.638, "class": "measurement", "sensor": "sensehat", "frame": "inertial", "category": "orientation", "data": [{"heading": 126.9407459512228, "heading_std": "unknown"}, {"roll": 7.690089495949846, "roll_std": "unknown"}, {"pitch": 4.3550767445277545, "pitch_std": "unknown"}]}, {"epoch_timestamp": 1572006111.638, "class": "measurement", "sensor": "sensehat", "frame": "body", "category": "acceleration", "data": [{"acceleration_z": 0.9668540954589844, "acceleration_z_std": "unknown"}, {"acceleration_x": -0.07586894929409027, "acceleration_x_std": "unknown"}, {"acceleration_y": 0.13225500285625458, "acceleration_y_std": "unknown"}]}, {"epoch_timestamp": 1572006112.058, "class": "measurement", "sensor": "sensehat", "frame": "inertial", "category": "orientation", "data": [{"heading": 128.04195003034727, "heading_std": "unknown"}, {"roll": 8.100387497128974, "roll_std": "unknown"}, {"pitch": 4.953421379501559, "pitch_std": "unknown"}]}, {"epoch_timestamp": 1572006112.058, "class": "measurement", "sensor": "sensehat", "frame": "body", "category": "acceleration", "data": [{"acceleration_z": 0.9661375284194946, "acceleration_z_std": "unknown"}, {"acceleration_x": -0.08416711539030075, "acceleration_x_std": "unknown"}, {"acceleration_y": 0.1373775601387024, "acceleration_y_std": "unknown"}]}, {"epoch_timestamp": 1572006112.398, "class": "measurement", "sensor": "sensehat", "frame": "inertial", "category": "orientation", "data": [{"heading": 127.77278593553541, "heading_std": "unknown"}, {"roll": 7.945722986015913, "roll_std": "unknown"}, {"pitch": 4.763987790418548, "pitch_std": "unknown"}]}, {"epoch_timestamp": 1572006112.398, "class": "measurement", "sensor": "sensehat", "frame": "body", "category": "acceleration", "data": [{"acceleration_z": 0.9694814085960388, "acceleration_z_std": "unknown"}, {"acceleration_x": -0.0808478519320488, "acceleration_x_std": "unknown"}, {"acceleration_y": 0.13504911959171295, "acceleration_y_std": "unknown"}]}, {"epoch_timestamp": 1572006112.758, "class": "measurement", "sensor": "sensehat", "frame": "inertial", "category": "orientation", "data": [{"heading": 127.78570865344508, "heading_std": "unknown"}, {"roll": 7.85132464904446, "roll_std": "unknown"}, {"pitch": 4.522825336769621, "pitch_std": "unknown"}]}, {"epoch_timestamp": 1572006112.758, "class": "measurement", "sensor": "sensehat", "frame": "body", "category": "acceleration", "data": [{"acceleration_z": 0.9711533784866333, "acceleration_z_std": "unknown"}, {"acceleration_x": -0.07752858847379684, "acceleration_x_std": "unknown"}, {"acceleration_y": 0.1341177523136139, "acceleration_y_std": "unknown"}]}, {"epoch_timestamp": 1572006113.098, "class": "measurement", "sensor": "sensehat", "frame": "inertial", "category": "orientation", "data": [{"heading": 128.2634257443741, "heading_std": "unknown"}, {"roll": 8.08713693013915, "roll_std": "unknown"}, {"pitch": 4.82379164613071, "pitch_std": "unknown"}]}, {"epoch_timestamp": 1572006113.098, "class": "measurement", "sensor": "sensehat", "frame": "body", "category": "acceleration", "data": [{"acceleration_z": 0.9644656181335449, "acceleration_z_std": "unknown"}, {"acceleration_x": -0.08203329890966415, "acceleration_x_std": "unknown"}, {"acceleration_y": 0.13691186904907227, "acceleration_y_std": "unknown"}]}, {"epoch_timestamp": 1572006113.458, "class": "measurement", "sensor": "sensehat", "frame": "inertial", "category": "orientation", "data": [{"heading": 128.31646899346842, "heading_std": "unknown"}, {"roll": 8.019541109244473, "roll_std": "unknown"}, {"pitch": 4.763609568693258, "pitch_std": "unknown"}]}, {"epoch_timestamp": 1572006113.458, "class": "measurement", "sensor": "sensehat", "frame": "body", "category": "acceleration", "data": [{"acceleration_z": 0.9649432897567749, "acceleration_z_std": "unknown"}, {"acceleration_x": -0.0787140429019928, "acceleration_x_std": "unknown"}, {"acceleration_y": 0.13574765622615814, "acceleration_y_std": "unknown"}]}, {"epoch_timestamp": 1572006114.346, "class": "measurement", "sensor": "meastro", "frame": "body", "category": "thrust", "surge_command": -0.388358707046, "sway_command": 0.239576829501, "yaw_command": -0.0}, {"epoch_timestamp": 1572006114.349, "class": "measurement", "sensor": "sensehat", "frame": "inertial", "category": "orientation", "data": [{"heading": 127.13730513515743, "heading_std": "unknown"}, {"roll": 8.03416454425747, "roll_std": "unknown"}, {"pitch": 5.053642025853625, "pitch_std": "unknown"}]}, {"epoch_timestamp": 1572006114.349, "class": "measurement", "sensor": "sensehat", "frame": "body", "category": "acceleration", "data": [{"acceleration_z": 0.973541796207428, "acceleration_z_std": "unknown"}, {"acceleration_x": -0.08677511662244797, "acceleration_x_std": "unknown"}, {"acceleration_y": 0.13900746405124664, "acceleration_y_std": "unknown"}]}, {"epoch_timestamp": 1572006115.369, "class": "measurement", "sensor": "meastro", "frame": "body", "category": "thrust", "surge_command": -0.37495333157, "sway_command": 0.232254279738, "yaw_command": -0.0}, {"epoch_timestamp": 1572006115.424, "class": "measurement", "sensor": "sensehat", "frame": "inertial", "category": "orientation", "data": [{"heading": 127.73013823435785, "heading_std": "unknown"}, {"roll": 7.961159213540142, "roll_std": "unknown"}, {"pitch": 4.944173730252184, "pitch_std": "unknown"}]}, {"epoch_timestamp": 1572006115.424, "class": "measurement", "sensor": "sensehat", "frame": "body", "category": "acceleration", "data": [{"acceleration_z": 0.9682871699333191, "acceleration_z_std": "unknown"}, {"acceleration_x": -0.08369293808937073, "acceleration_x_std": "unknown"}, {"acceleration_y": 0.13435059785842896, "acceleration_y_std": "unknown"}]}, {"epoch_timestamp": 1572006116.503, "class": "measurement", "sensor": "meastro", "frame": "body", "category": "thrust", "surge_command": -0.370650470478, "sway_command": 0.232889062282, "yaw_command": -0.0}, {"epoch_timestamp": 1572006116.688, "class": "measurement", "sensor": "sensehat", "frame": "inertial", "category": "orientation", "data": [{"heading": 127.91826896485668, "heading_std": "unknown"}, {"roll": 7.5074203554660865, "roll_std": "unknown"}, {"pitch": 4.807349673251196, "pitch_std": "unknown"}]}, {"epoch_timestamp": 1572006116.688, "class": "measurement", "sensor": "sensehat", "frame": "body", "category": "acceleration", "data": [{"acceleration_z": 0.9546728730201721, "acceleration_z_std": "unknown"}, {"acceleration_x": -0.08061075955629349, "acceleration_x_std": "unknown"}, {"acceleration_y": 0.12596823275089264, "acceleration_y_std": "unknown"}]}, {"epoch_timestamp": 1572006117.405, "class": "measurement", "sensor": "meastro", "frame": "body", "category": "thrust", "surge_command": -0.369270151227, "sway_command": 0.231951009832, "yaw_command": -0.0}, {"epoch_timestamp": 1572006117.753, "class": "measurement", "sensor": "sensehat", "frame": "inertial", "category": "orientation", "data": [{"heading": 125.52145996245083, "heading_std": "unknown"}, {"roll": 6.511731599960907, "roll_std": "unknown"}, {"pitch": 3.999152171783805, "pitch_std": "unknown"}]}, {"epoch_timestamp": 1572006117.753, "class": "measurement", "sensor": "sensehat", "frame": "body", "category": "acceleration", "data": [{"acceleration_z": 0.9790352582931519, "acceleration_z_std": "unknown"}, {"acceleration_x": -0.06946751475334167, "acceleration_x_std": "unknown"}, {"acceleration_y": 0.11479175835847855, "acceleration_y_std": "unknown"}]}, {"epoch_timestamp": 1572006118.321, "class": "measurement", "sensor": "meastro", "frame": "body", "category": "thrust", "surge_command": -0.36768855188, "sway_command": 0.232707410078, "yaw_command": -0.0}, {"epoch_timestamp": 1572006118.856, "class": "measurement", "sensor": "sensehat", "frame": "inertial", "category": "orientation", "data": [{"heading": 122.4084919651908, "heading_std": "unknown"}, {"roll": 7.504101737303107, "roll_std": "unknown"}, {"pitch": 4.856889462188122, "pitch_std": "unknown"}]}, {"epoch_timestamp": 1572006118.856, "class": "measurement", "sensor": "sensehat", "frame": "body", "category": "acceleration", "data": [{"acceleration_z": 0.9737806916236877, "acceleration_z_std": "unknown"}, {"acceleration_x": -0.08393002301454544, "acceleration_x_std": "unknown"}, {"acceleration_y": 0.1262010782957077, "acceleration_y_std": "unknown"}]}, {"epoch_timestamp": 1572006119.426, "class": "measurement", "sensor": "meastro", "frame": "body", "category": "thrust", "surge_command": -0.365833373934, "sway_command": 0.233829160604, "yaw_command": -0.0}, {"epoch_timestamp": 1572006120.309, "class": "measurement", "sensor": "sensehat", "frame": "inertial", "category": "orientation", "data": [{"heading": 117.2701406525902, "heading_std": "unknown"}, {"roll": 7.852972432181725, "roll_std": "unknown"}, {"pitch": 4.124530966169967, "pitch_std": "unknown"}]}, {"epoch_timestamp": 1572006120.309, "class": "measurement", "sensor": "sensehat", "frame": "body", "category": "acceleration", "data": [{"acceleration_z": 0.973064124584198, "acceleration_z_std": "unknown"}, {"acceleration_x": -0.07254968583583832, "acceleration_x_std": "unknown"}, {"acceleration_y": 0.1334192156791687, "acceleration_y_std": "unknown"}]}, {"epoch_timestamp": 1572006120.645, "class": "measurement", "sensor": "meastro", "frame": "body", "category": "thrust", "surge_command": -0.364553026405, "sway_command": 0.235444945432, "yaw_command": -0.0}, {"epoch_timestamp": 1572006121.449, "class": "measurement", "sensor": "meastro", "frame": "body", "category": "thrust", "surge_command": -0.364451965724, "sway_command": 0.234686686504, "yaw_command": -0.0}, {"epoch_timestamp": 1572006122.02, "class": "measurement", "sensor": "sensehat", "frame": "inertial", "category": "orientation", "data": [{"heading": 104.40861440770023, "heading_std": "unknown"}, {"roll": 7.500053142672582, "roll_std": "unknown"}, {"pitch": 4.911230447224743, "pitch_std": "unknown"}]}, {"epoch_timestamp": 1572006122.02, "class": "measurement", "sensor": "sensehat", "frame": "body", "category": "acceleration", "data": [{"acceleration_z": 0.9687648415565491, "acceleration_z_std": "unknown"}, {"acceleration_x": -0.08132203668355942, "acceleration_x_std": "unknown"}, {"acceleration_y": 0.12852950394153595, "acceleration_y_std": "unknown"}]}, {"epoch_timestamp": 1572006122.565, "class": "measurement", "sensor": "meastro", "frame": "body", "category": "thrust", "surge_command": -0.363255630859, "sway_command": 0.236963937809, "yaw_command": -0.0}, {"epoch_timestamp": 1572006123.593, "class": "measurement", "sensor": "meastro", "frame": "body", "category": "thrust", "surge_command": -0.361996103896, "sway_command": 0.238338333533, "yaw_command": -0.0}, {"epoch_timestamp": 1572006124.125, "class": "measurement", "sensor": "sensehat", "frame": "inertial", "category": "orientation", "data": [{"heading": 85.35385511403621, "heading_std": "unknown"}, {"roll": 8.629798874791248, "roll_std": "unknown"}, {"pitch": 4.086564505894805, "pitch_std": "unknown"}]}, {"epoch_timestamp": 1572006124.125, "class": "measurement", "sensor": "sensehat", "frame": "body", "category": "acceleration", "data": [{"acceleration_z": 0.9728252291679382, "acceleration_z_std": "unknown"}, {"acceleration_x": -0.07231259346008301, "acceleration_x_std": "unknown"}, {"acceleration_y": 0.14552707970142365, "acceleration_y_std": "unknown"}]}, {"epoch_timestamp": 1572006124.535, "class": "measurement", "sensor": "meastro", "frame": "body", "category": "thrust", "surge_command": -0.361164441953, "sway_command": 0.23945504978, "yaw_command": -0.0}, {"epoch_timestamp": 1572006125.589, "class": "measurement", "sensor": "meastro", "frame": "body", "category": "thrust", "surge_command": -0.361189680224, "sway_command": 0.240060130228, "yaw_command": -0.0}, {"epoch_timestamp": 1572006126.263, "class": "measurement", "sensor": "sensehat", "frame": "inertial", "category": "orientation", "data": [{"heading": 61.160232243583835, "heading_std": "unknown"}, {"roll": 7.3540296746332325, "roll_std": "unknown"}, {"pitch": 4.822223263942545, "pitch_std": "unknown"}]}, {"epoch_timestamp": 1572006126.263, "class": "measurement", "sensor": "sensehat", "frame": "body", "category": "acceleration", "data": [{"acceleration_z": 0.9611217379570007, "acceleration_z_std": "unknown"}, {"acceleration_x": -0.08037366718053818, "acceleration_x_std": "unknown"}, {"acceleration_y": 0.1275981366634369, "acceleration_y_std": "unknown"}]}, {"epoch_timestamp": 1572006126.592, "class": "measurement", "sensor": "meastro", "frame": "body", "category": "thrust", "surge_command": -0.36188277094, "sway_command": 0.239483434288, "yaw_command": -0.0}, {"epoch_timestamp": 1572006127.432, "class": "measurement", "sensor": "meastro", "frame": "body", "category": "thrust", "surge_command": -0.362062812842, "sway_command": 0.23943505804, "yaw_command": -0.0}, {"epoch_timestamp": 1572006127.928, "class": "measurement", "sensor": "sensehat", "frame": "inertial", "category": "orientation", "data": [{"heading": 41.41023823958797, "heading_std": "unknown"}, {"roll": 7.836895020649162, "roll_std": "unknown"}, {"pitch": 5.112312497050389, "pitch_std": "unknown"}]}, {"epoch_timestamp": 1572006127.928, "class": "measurement", "sensor": "sensehat", "frame": "body", "category": "acceleration", "data": [{"acceleration_z": 0.9632713794708252, "acceleration_z_std": "unknown"}, {"acceleration_x": -0.08653802424669266, "acceleration_x_std": "unknown"}, {"acceleration_y": 0.1327206939458847, "acceleration_y_std": "unknown"}]}, {"epoch_timestamp": 1572006128.427, "class": "measurement", "sensor": "meastro", "frame": "body", "category": "thrust", "surge_command": -0.362592385031, "sway_command": 0.239360682336, "yaw_command": -0.0}, {"epoch_timestamp": 1572006129.145, "class": "measurement", "sensor": "sensehat", "frame": "inertial", "category": "orientation", "data": [{"heading": 21.944940180576577, "heading_std": "unknown"}, {"roll": 8.548388142526573, "roll_std": "unknown"}, {"pitch": 5.369294949477533, "pitch_std": "unknown"}]}, {"epoch_timestamp": 1572006129.145, "class": "measurement", "sensor": "sensehat", "frame": "body", "category": "acceleration", "data": [{"acceleration_z": 0.9644656181335449, "acceleration_z_std": "unknown"}, {"acceleration_x": -0.09033147245645523, "acceleration_x_std": "unknown"}, {"acceleration_y": 0.14273294806480408, "acceleration_y_std": "unknown"}]}, {"epoch_timestamp": 1572006129.567, "class": "measurement", "sensor": "meastro", "frame": "body", "category": "thrust", "surge_command": -0.363807212546, "sway_command": 0.236871242377, "yaw_command": -0.0}, {"epoch_timestamp": 1572006130.27, "class": "measurement", "sensor": "sensehat", "frame": "inertial", "category": "orientation", "data": [{"heading": 344.36099952723913, "heading_std": "unknown"}, {"roll": 7.466388847800881, "roll_std": "unknown"}, {"pitch": 5.422654094820965, "pitch_std": "unknown"}]}, {"epoch_timestamp": 1572006130.27, "class": "measurement", "sensor": "sensehat", "frame": "body", "category": "acceleration", "data": [{"acceleration_z": 0.972586452960968, "acceleration_z_std": "unknown"}, {"acceleration_x": -0.09199109673500061, "acceleration_x_std": "unknown"}, {"acceleration_y": 0.12666675448417664, "acceleration_y_std": "unknown"}]}, {"epoch_timestamp": 1572006130.575, "class": "measurement", "sensor": "meastro", "frame": "body", "category": "thrust", "surge_command": -0.363317696751, "sway_command": 0.239102214005, "yaw_command": -0.0}, {"epoch_timestamp": 1572006131.488, "class": "measurement", "sensor": "sensehat", "frame": "inertial", "category": "orientation", "data": [{"heading": 283.82814577213037, "heading_std": "unknown"}, {"roll": 7.344448626774997, "roll_std": "unknown"}, {"pitch": 4.802991585673905, "pitch_std": "unknown"}]}, {"epoch_timestamp": 1572006131.488, "class": "measurement", "sensor": "sensehat", "frame": "body", "category": "acceleration", "data": [{"acceleration_z": 0.9670929312705994, "acceleration_z_std": "unknown"}, {"acceleration_x": -0.08227039128541946, "acceleration_x_std": "unknown"}, {"acceleration_y": 0.12340695410966873, "acceleration_y_std": "unknown"}]}, {"epoch_timestamp": 1572006131.784, "class": "measurement", "sensor": "meastro", "frame": "body", "category": "thrust", "surge_command": -0.364412272619, "sway_command": 0.238337011595, "yaw_command": -0.0}, {"epoch_timestamp": 1572006132.663, "class": "measurement", "sensor": "sensehat", "frame": "inertial", "category": "orientation", "data": [{"heading": 246.23117824049842, "heading_std": "unknown"}, {"roll": 7.704765011155265, "roll_std": "unknown"}, {"pitch": 4.899311340236248, "pitch_std": "unknown"}]}, {"epoch_timestamp": 1572006132.663, "class": "measurement", "sensor": "sensehat", "frame": "body", "category": "acceleration", "data": [{"acceleration_z": 0.9642267823219299, "acceleration_z_std": "unknown"}, {"acceleration_x": -0.0853525698184967, "acceleration_x_std": "unknown"}, {"acceleration_y": 0.1308579444885254, "acceleration_y_std": "unknown"}]}, {"epoch_timestamp": 1572006132.849, "class": "measurement", "sensor": "meastro", "frame": "body", "category": "thrust", "surge_command": -0.366323887779, "sway_command": 0.232976363199, "yaw_command": -0.0}, {"epoch_timestamp": 1572006133.51, "class": "measurement", "sensor": "meastro", "frame": "body", "category": "thrust", "surge_command": -0.360512259424, "sway_command": 0.246093104674, "yaw_command": -0.0}, {"epoch_timestamp": 1572006133.809, "class": "measurement", "sensor": "sensehat", "frame": "inertial", "category": "orientation", "data": [{"heading": 220.68366161238777, "heading_std": "unknown"}, {"roll": 7.58817538957044, "roll_std": "unknown"}, {"pitch": 4.788273808672997, "pitch_std": "unknown"}]}, {"epoch_timestamp": 1572006133.809, "class": "measurement", "sensor": "sensehat", "frame": "body", "category": "acceleration", "data": [{"acceleration_z": 0.9733030200004578, "acceleration_z_std": "unknown"}, {"acceleration_x": -0.08037366718053818, "acceleration_x_std": "unknown"}, {"acceleration_y": 0.13132362067699432, "acceleration_y_std": "unknown"}]}, {"epoch_timestamp": 1572006134.416, "class": "measurement", "sensor": "meastro", "frame": "body", "category": "thrust", "surge_command": -0.36492362759, "sway_command": 0.240474315788, "yaw_command": -0.0}, {"epoch_timestamp": 1572006134.741, "class": "measurement", "sensor": "sensehat", "frame": "inertial", "category": "orientation", "data": [{"heading": 204.0013207156035, "heading_std": "unknown"}, {"roll": 7.1690596141728244, "roll_std": "unknown"}, {"pitch": 5.686670361432753, "pitch_std": "unknown"}]}, {"epoch_timestamp": 1572006134.741, "class": "measurement", "sensor": "sensehat", "frame": "body", "category": "acceleration", "data": [{"acceleration_z": 0.9494181871414185, "acceleration_z_std": "unknown"}, {"acceleration_x": -0.09199109673500061, "acceleration_x_std": "unknown"}, {"acceleration_y": 0.12131136655807495, "acceleration_y_std": "unknown"}]}, {"epoch_timestamp": 1572006135.758, "class": "measurement", "sensor": "meastro", "frame": "body", "category": "thrust", "surge_command": -0.371708628023, "sway_command": 0.216312208819, "yaw_command": -0.0}, {"epoch_timestamp": 1572006136.394, "class": "measurement", "sensor": "meastro", "frame": "body", "category": "thrust", "surge_command": -0.345461450543, "sway_command": 0.280813755773, "yaw_command": -0.0}, {"epoch_timestamp": 1572006137.415, "class": "measurement", "sensor": "meastro", "frame": "body", "category": "thrust", "surge_command": -0.387404148167, "sway_command": 0.173118179292, "yaw_command": -0.0}, {"epoch_timestamp": 1572006137.605, "class": "measurement", "sensor": "sensehat", "frame": "inertial", "category": "orientation", "data": [{"heading": 175.75164100558675, "heading_std": "unknown"}, {"roll": 3.593060286472935, "roll_std": "unknown"}, {"pitch": 5.920169342832925, "pitch_std": "unknown"}]}, {"epoch_timestamp": 1572006137.605, "class": "measurement", "sensor": "sensehat", "frame": "body", "category": "acceleration", "data": [{"acceleration_z": 0.883735179901123, "acceleration_z_std": "unknown"}, {"acceleration_x": -0.09104274213314056, "acceleration_x_std": "unknown"}, {"acceleration_y": 0.05564955249428749, "acceleration_y_std": "unknown"}]}, {"epoch_timestamp": 1572006138.439, "class": "measurement", "sensor": "meastro", "frame": "body", "category": "thrust", "surge_command": -0.362237931165, "sway_command": 0.182575554139, "yaw_command": -0.0}, {"epoch_timestamp": 1572006139.418, "class": "measurement", "sensor": "meastro", "frame": "body", "category": "thrust", "surge_command": -0.384726877903, "sway_command": 0.126436940387, "yaw_command": -0.0}, {"epoch_timestamp": 1572006139.524, "class": "measurement", "sensor": "sensehat", "frame": "inertial", "category": "orientation", "data": [{"heading": 136.73395314545712, "heading_std": "unknown"}, {"roll": 341.9691526572653, "roll_std": "unknown"}, {"pitch": 359.37963195365603, "pitch_std": "unknown"}]}, {"epoch_timestamp": 1572006139.524, "class": "measurement", "sensor": "sensehat", "frame": "body", "category": "acceleration", "data": [{"acceleration_z": 0.6666229367256165, "acceleration_z_std": "unknown"}, {"acceleration_x": 0.10193994641304016, "acceleration_x_std": "unknown"}, {"acceleration_y": -0.4157367944717407, "acceleration_y_std": "unknown"}]}, {"epoch_timestamp": 1572006140.442, "class": "measurement", "sensor": "meastro", "frame": "body", "category": "thrust", "surge_command": -0.381460955816, "sway_command": 0.183871672028, "yaw_command": -0.0}, {"epoch_timestamp": 1572006140.564, "class": "measurement", "sensor": "sensehat", "frame": "inertial", "category": "orientation", "data": [{"heading": 188.14121165148367, "heading_std": "unknown"}, {"roll": 12.707563535714138, "roll_std": "unknown"}, {"pitch": 6.517407060274364, "pitch_std": "unknown"}]}, {"epoch_timestamp": 1572006140.564, "class": "measurement", "sensor": "sensehat", "frame": "body", "category": "acceleration", "data": [{"acceleration_z": 1.0232220888137817, "acceleration_z_std": "unknown"}, {"acceleration_x": -0.034615207463502884, "acceleration_x_std": "unknown"}, {"acceleration_y": 0.6084195971488953, "acceleration_y_std": "unknown"}]}, {"epoch_timestamp": 1572006141.489, "class": "measurement", "sensor": "meastro", "frame": "body", "category": "thrust", "surge_command": -0.141656582629, "sway_command": 0.395418330906, "yaw_command": -0.0}, {"epoch_timestamp": 1572006142.319, "class": "measurement", "sensor": "meastro", "frame": "body", "category": "thrust", "surge_command": -0.0826439040063, "sway_command": 0.422188967363, "yaw_command": 0.0}, {"epoch_timestamp": 1572006143.325, "class": "measurement", "sensor": "meastro", "frame": "body", "category": "thrust", "surge_command": -0.0426944673909, "sway_command": 0.420818661353, "yaw_command": 0.0}, {"epoch_timestamp": 1572006144.383, "class": "measurement", "sensor": "meastro", "frame": "body", "category": "thrust", "surge_command": -0.0716198736437, "sway_command": 0.415958522774, "yaw_command": -0.0}, {"epoch_timestamp": 1572006145.445, "class": "measurement", "sensor": "meastro", "frame": "body", "category": "thrust", "surge_command": -0.11278659107, "sway_command": 0.404337199452, "yaw_command": -0.0}, {"epoch_timestamp": 1572006145.586, "class": "measurement", "sensor": "sensehat", "frame": "inertial", "category": "orientation", "data": [{"heading": 177.29111100299426, "heading_std": "unknown"}, {"roll": 14.409713271225723, "roll_std": "unknown"}, {"pitch": 4.547649659308033, "pitch_std": "unknown"}]}, {"epoch_timestamp": 1572006145.586, "class": "measurement", "sensor": "sensehat", "frame": "body", "category": "acceleration", "data": [{"acceleration_z": 0.9147853851318359, "acceleration_z_std": "unknown"}, {"acceleration_x": -0.09602164477109909, "acceleration_x_std": "unknown"}, {"acceleration_y": 0.07776966691017151, "acceleration_y_std": "unknown"}]}, {"epoch_timestamp": 1572006146.436, "class": "measurement", "sensor": "meastro", "frame": "body", "category": "thrust", "surge_command": -0.131061313266, "sway_command": 0.38589930943, "yaw_command": -0.0}, {"epoch_timestamp": 1572006147.391, "class": "measurement", "sensor": "meastro", "frame": "body", "category": "thrust", "surge_command": -0.146724069984, "sway_command": 0.373021365768, "yaw_command": -0.0}, {"epoch_timestamp": 1572006148.398, "class": "measurement", "sensor": "meastro", "frame": "body", "category": "thrust", "surge_command": -0.14686456565, "sway_command": 0.367312084475, "yaw_command": -0.0}, {"epoch_timestamp": 1572006148.841, "class": "measurement", "sensor": "sensehat", "frame": "inertial", "category": "orientation", "data": [{"heading": 154.4312191717703, "heading_std": "unknown"}, {"roll": 3.7103389033902854, "roll_std": "unknown"}, {"pitch": 6.5403223449397565, "pitch_std": "unknown"}]}, {"epoch_timestamp": 1572006148.841, "class": "measurement", "sensor": "sensehat", "frame": "body", "category": "acceleration", "data": [{"acceleration_z": 0.9338931441307068, "acceleration_z_std": "unknown"}, {"acceleration_x": -0.0917540118098259, "acceleration_x_std": "unknown"}, {"acceleration_y": 0.11432606726884842, "acceleration_y_std": "unknown"}]}, {"epoch_timestamp": 1572006149.43, "class": "measurement", "sensor": "meastro", "frame": "body", "category": "thrust", "surge_command": -0.149269679492, "sway_command": 0.367882741567, "yaw_command": -0.0}, {"epoch_timestamp": 1572006149.848, "class": "measurement", "sensor": "sensehat", "frame": "inertial", "category": "orientation", "data": [{"heading": 149.6748803394485, "heading_std": "unknown"}, {"roll": 8.392946697395423, "roll_std": "unknown"}, {"pitch": 5.809418679214815, "pitch_std": "unknown"}]}, {"epoch_timestamp": 1572006149.848, "class": "measurement", "sensor": "sensehat", "frame": "body", "category": "acceleration", "data": [{"acceleration_z": 0.936998188495636, "acceleration_z_std": "unknown"}, {"acceleration_x": -0.08013657480478287, "acceleration_x_std": "unknown"}, {"acceleration_y": 0.1308579444885254, "acceleration_y_std": "unknown"}]}, {"epoch_timestamp": 1572006150.458, "class": "measurement", "sensor": "meastro", "frame": "body", "category": "thrust", "surge_command": -0.150351755399, "sway_command": 0.368744792065, "yaw_command": -0.0}, {"epoch_timestamp": 1572006150.989, "class": "measurement", "sensor": "sensehat", "frame": "inertial", "category": "orientation", "data": [{"heading": 142.80323192117376, "heading_std": "unknown"}, {"roll": 8.840353970108877, "roll_std": "unknown"}, {"pitch": 5.255157792691565, "pitch_std": "unknown"}]}, {"epoch_timestamp": 1572006150.989, "class": "measurement", "sensor": "sensehat", "frame": "body", "category": "acceleration", "data": [{"acceleration_z": 0.9697202444076538, "acceleration_z_std": "unknown"}, {"acceleration_x": -0.10313435643911362, "acceleration_x_std": "unknown"}, {"acceleration_y": 0.16136041283607483, "acceleration_y_std": "unknown"}]}, {"epoch_timestamp": 1572006151.51, "class": "measurement", "sensor": "meastro", "frame": "body", "category": "thrust", "surge_command": -0.155648671328, "sway_command": 0.369820736626, "yaw_command": -0.0}, {"epoch_timestamp": 1572006152.463, "class": "measurement", "sensor": "sensehat", "frame": "inertial", "category": "orientation", "data": [{"heading": 129.31541148033946, "heading_std": "unknown"}, {"roll": 7.990636602450625, "roll_std": "unknown"}, {"pitch": 2.816726257813888, "pitch_std": "unknown"}]}, {"epoch_timestamp": 1572006152.463, "class": "measurement", "sensor": "sensehat", "frame": "body", "category": "acceleration", "data": [{"acceleration_z": 0.9214731454849243, "acceleration_z_std": "unknown"}, {"acceleration_x": -0.04694391414523125, "acceleration_x_std": "unknown"}, {"acceleration_y": 0.1366790235042572, "acceleration_y_std": "unknown"}]}, {"epoch_timestamp": 1572006152.578, "class": "measurement", "sensor": "meastro", "frame": "body", "category": "thrust", "surge_command": -0.165519913049, "sway_command": 0.36852364574, "yaw_command": -0.0}, {"epoch_timestamp": 1572006153.371, "class": "measurement", "sensor": "meastro", "frame": "body", "category": "thrust", "surge_command": -0.193301728842, "sway_command": 0.361598023828, "yaw_command": -0.0}, {"epoch_timestamp": 1572006153.668, "class": "measurement", "sensor": "sensehat", "frame": "inertial", "category": "orientation", "data": [{"heading": 117.30582156081435, "heading_std": "unknown"}, {"roll": 9.409241279852885, "roll_std": "unknown"}, {"pitch": 7.6968394303971115, "pitch_std": "unknown"}]}, {"epoch_timestamp": 1572006153.668, "class": "measurement", "sensor": "sensehat", "frame": "body", "category": "acceleration", "data": [{"acceleration_z": 0.9852453470230103, "acceleration_z_std": "unknown"}, {"acceleration_x": -0.12802885472774506, "acceleration_x_std": "unknown"}, {"acceleration_y": 0.12177705019712448, "acceleration_y_std": "unknown"}]}, {"epoch_timestamp": 1572006154.413, "class": "measurement", "sensor": "meastro", "frame": "body", "category": "thrust", "surge_command": -0.219068872081, "sway_command": 0.345558426691, "yaw_command": -0.0}, {"epoch_timestamp": 1572006154.949, "class": "measurement", "sensor": "sensehat", "frame": "inertial", "category": "orientation", "data": [{"heading": 103.1597348085309, "heading_std": "unknown"}, {"roll": 9.549609351259464, "roll_std": "unknown"}, {"pitch": 6.822237122271564, "pitch_std": "unknown"}]}, {"epoch_timestamp": 1572006154.949, "class": "measurement", "sensor": "sensehat", "frame": "body", "category": "acceleration", "data": [{"acceleration_z": 0.9353262782096863, "acceleration_z_std": "unknown"}, {"acceleration_x": -0.10526817291975021, "acceleration_x_std": "unknown"}, {"acceleration_y": 0.14552707970142365, "acceleration_y_std": "unknown"}]}, {"epoch_timestamp": 1572006155.442, "class": "measurement", "sensor": "meastro", "frame": "body", "category": "thrust", "surge_command": -0.246812946992, "sway_command": 0.326238077807, "yaw_command": -0.0}, {"epoch_timestamp": 1572006155.999, "class": "measurement", "sensor": "sensehat", "frame": "inertial", "category": "orientation", "data": [{"heading": 94.17426578554229, "heading_std": "unknown"}, {"roll": 5.931325603068495, "roll_std": "unknown"}, {"pitch": 7.9679808649736925, "pitch_std": "unknown"}]}, {"epoch_timestamp": 1572006155.999, "class": "measurement", "sensor": "sensehat", "frame": "body", "category": "acceleration", "data": [{"acceleration_z": 0.9422528147697449, "acceleration_z_std": "unknown"}, {"acceleration_x": -0.11095833778381348, "acceleration_x_std": "unknown"}, {"acceleration_y": 0.10524517297744751, "acceleration_y_std": "unknown"}]}, {"epoch_timestamp": 1572006156.427, "class": "measurement", "sensor": "meastro", "frame": "body", "category": "thrust", "surge_command": -0.267709969116, "sway_command": 0.304579868536, "yaw_command": -0.0}, {"epoch_timestamp": 1572006157.246, "class": "measurement", "sensor": "sensehat", "frame": "inertial", "category": "orientation", "data": [{"heading": 80.366334868877, "heading_std": "unknown"}, {"roll": 4.847897945032623, "roll_std": "unknown"}, {"pitch": 5.742595950356818, "pitch_std": "unknown"}]}, {"epoch_timestamp": 1572006157.246, "class": "measurement", "sensor": "sensehat", "frame": "body", "category": "acceleration", "data": [{"acceleration_z": 0.9138299822807312, "acceleration_z_std": "unknown"}, {"acceleration_x": -0.08132203668355942, "acceleration_x_std": "unknown"}, {"acceleration_y": 0.09313732385635376, "acceleration_y_std": "unknown"}]}, {"epoch_timestamp": 1572006157.446, "class": "measurement", "sensor": "meastro", "frame": "body", "category": "thrust", "surge_command": -0.289419924412, "sway_command": 0.283996358864, "yaw_command": -0.0}, {"epoch_timestamp": 1572006158.432, "class": "measurement", "sensor": "meastro", "frame": "body", "category": "thrust", "surge_command": -0.311169800399, "sway_command": 0.260192911621, "yaw_command": -0.0}, {"epoch_timestamp": 1572006158.931, "class": "measurement", "sensor": "sensehat", "frame": "inertial", "category": "orientation", "data": [{"heading": 62.920802294613836, "heading_std": "unknown"}, {"roll": 9.224195233537962, "roll_std": "unknown"}, {"pitch": 7.1036080457907085, "pitch_std": "unknown"}]}, {"epoch_timestamp": 1572006158.931, "class": "measurement", "sensor": "sensehat", "frame": "body", "category": "acceleration", "data": [{"acceleration_z": 0.995515763759613, "acceleration_z_std": "unknown"}, {"acceleration_x": -0.13300776481628418, "acceleration_x_std": "unknown"}, {"acceleration_y": 0.15810060501098633, "acceleration_y_std": "unknown"}]}, {"epoch_timestamp": 1572006159.374, "class": "measurement", "sensor": "meastro", "frame": "body", "category": "thrust", "surge_command": -0.328137541365, "sway_command": 0.239217377489, "yaw_command": -0.0}, {"epoch_timestamp": 1572006160.133, "class": "measurement", "sensor": "sensehat", "frame": "inertial", "category": "orientation", "data": [{"heading": 51.41422507160889, "heading_std": "unknown"}, {"roll": 7.094869672521323, "roll_std": "unknown"}, {"pitch": 7.330281106889099, "pitch_std": "unknown"}]}, {"epoch_timestamp": 1572006160.133, "class": "measurement", "sensor": "sensehat", "frame": "body", "category": "acceleration", "data": [{"acceleration_z": 0.9900222420692444, "acceleration_z_std": "unknown"}, {"acceleration_x": -0.11712269484996796, "acceleration_x_std": "unknown"}, {"acceleration_y": 0.11851724982261658, "acceleration_y_std": "unknown"}]}, {"epoch_timestamp": 1572006160.436, "class": "measurement", "sensor": "meastro", "frame": "body", "category": "thrust", "surge_command": -0.343945173165, "sway_command": 0.2116096797, "yaw_command": -0.0}, {"epoch_timestamp": 1572006161.34, "class": "measurement", "sensor": "sensehat", "frame": "inertial", "category": "orientation", "data": [{"heading": 29.74571972221565, "heading_std": "unknown"}, {"roll": 5.664870532036189, "roll_std": "unknown"}, {"pitch": 7.508365482892487, "pitch_std": "unknown"}]}, {"epoch_timestamp": 1572006161.34, "class": "measurement", "sensor": "sensehat", "frame": "body", "category": "acceleration", "data": [{"acceleration_z": 1.0017257928848267, "acceleration_z_std": "unknown"}, {"acceleration_x": -0.1244724914431572, "acceleration_x_std": "unknown"}, {"acceleration_y": 0.10338243097066879, "acceleration_y_std": "unknown"}]}, {"epoch_timestamp": 1572006161.59, "class": "measurement", "sensor": "meastro", "frame": "body", "category": "thrust", "surge_command": -0.356249804652, "sway_command": 0.188115917221, "yaw_command": -0.0}, {"epoch_timestamp": 1572006162.33, "class": "measurement", "sensor": "meastro", "frame": "body", "category": "thrust", "surge_command": -0.36732308915, "sway_command": 0.168330938175, "yaw_command": -0.0}, {"epoch_timestamp": 1572006162.381, "class": "measurement", "sensor": "sensehat", "frame": "inertial", "category": "orientation", "data": [{"heading": 253.80268882226767, "heading_std": "unknown"}, {"roll": 7.489323769260138, "roll_std": "unknown"}, {"pitch": 3.783221290702553, "pitch_std": "unknown"}]}, {"epoch_timestamp": 1572006162.381, "class": "measurement", "sensor": "sensehat", "frame": "body", "category": "acceleration", "data": [{"acceleration_z": 1.0053085088729858, "acceleration_z_std": "unknown"}, {"acceleration_x": -0.06804496794939041, "acceleration_x_std": "unknown"}, {"acceleration_y": 0.12922804057598114, "acceleration_y_std": "unknown"}]}, {"epoch_timestamp": 1572006163.183, "class": "measurement", "sensor": "sensehat", "frame": "inertial", "category": "orientation", "data": [{"heading": 205.69681955441078, "heading_std": "unknown"}, {"roll": 7.1889542476777795, "roll_std": "unknown"}, {"pitch": 6.326352581923945, "pitch_std": "unknown"}]}, {"epoch_timestamp": 1572006163.183, "class": "measurement", "sensor": "sensehat", "frame": "body", "category": "acceleration", "data": [{"acceleration_z": 0.9847676157951355, "acceleration_z_std": "unknown"}, {"acceleration_x": -0.1114325225353241, "acceleration_x_std": "unknown"}, {"acceleration_y": 0.12526971101760864, "acceleration_y_std": "unknown"}]}, {"epoch_timestamp": 1572006163.376, "class": "measurement", "sensor": "meastro", "frame": "body", "category": "thrust", "surge_command": -0.371627965229, "sway_command": 0.150507937709, "yaw_command": -0.0}, {"epoch_timestamp": 1572006164.484, "class": "measurement", "sensor": "meastro", "frame": "body", "category": "thrust", "surge_command": -0.375896452727, "sway_command": 0.131993587976, "yaw_command": -0.0}, {"epoch_timestamp": 1572006164.499, "class": "measurement", "sensor": "sensehat", "frame": "inertial", "category": "orientation", "data": [{"heading": 195.38689488908665, "heading_std": "unknown"}, {"roll": 6.238594896373035, "roll_std": "unknown"}, {"pitch": 5.397451977444088, "pitch_std": "unknown"}]}, {"epoch_timestamp": 1572006164.499, "class": "measurement", "sensor": "sensehat", "frame": "body", "category": "acceleration", "data": [{"acceleration_z": 0.932937741279602, "acceleration_z_std": "unknown"}, {"acceleration_x": -0.08677511662244797, "acceleration_x_std": "unknown"}, {"acceleration_y": 0.09732850641012192, "acceleration_y_std": "unknown"}]}, {"epoch_timestamp": 1572006165.359, "class": "measurement", "sensor": "meastro", "frame": "body", "category": "thrust", "surge_command": -0.378032376322, "sway_command": 0.116006017761, "yaw_command": -0.0}, {"epoch_timestamp": 1572006165.541, "class": "measurement", "sensor": "sensehat", "frame": "inertial", "category": "orientation", "data": [{"heading": 193.84961055221353, "heading_std": "unknown"}, {"roll": 3.9832489300750766, "roll_std": "unknown"}, {"pitch": 5.699846223228532, "pitch_std": "unknown"}]}, {"epoch_timestamp": 1572006165.541, "class": "measurement", "sensor": "sensehat", "frame": "body", "category": "acceleration", "data": [{"acceleration_z": 0.9152630567550659, "acceleration_z_std": "unknown"}, {"acceleration_x": -0.09957799315452576, "acceleration_x_std": "unknown"}, {"acceleration_y": 0.07357849180698395, "acceleration_y_std": "unknown"}]}, {"epoch_timestamp": 1572006166.418, "class": "measurement", "sensor": "meastro", "frame": "body", "category": "thrust", "surge_command": -0.378207205757, "sway_command": 0.107878128862, "yaw_command": -0.0}, {"epoch_timestamp": 1572006166.82, "class": "measurement", "sensor": "sensehat", "frame": "inertial", "category": "orientation", "data": [{"heading": 181.51303215636324, "heading_std": "unknown"}, {"roll": 7.096578073587473, "roll_std": "unknown"}, {"pitch": 5.338685029825298, "pitch_std": "unknown"}]}, {"epoch_timestamp": 1572006166.82, "class": "measurement", "sensor": "sensehat", "frame": "body", "category": "acceleration", "data": [{"acceleration_z": 0.9852453470230103, "acceleration_z_std": "unknown"}, {"acceleration_x": -0.10313435643911362, "acceleration_x_std": "unknown"}, {"acceleration_y": 0.12969371676445007, "acceleration_y_std": "unknown"}]}, {"epoch_timestamp": 1572006167.396, "class": "measurement", "sensor": "meastro", "frame": "body", "category": "thrust", "surge_command": -0.376182454862, "sway_command": 0.113305908537, "yaw_command": -0.0}, {"epoch_timestamp": 1572006168.241, "class": "measurement", "sensor": "sensehat", "frame": "inertial", "category": "orientation", "data": [{"heading": 174.9047521900185, "heading_std": "unknown"}, {"roll": 5.1894197832511315, "roll_std": "unknown"}, {"pitch": 7.27726261723052, "pitch_std": "unknown"}]}, {"epoch_timestamp": 1572006168.241, "class": "measurement", "sensor": "sensehat", "frame": "body", "category": "acceleration", "data": [{"acceleration_z": 0.9434469938278198, "acceleration_z_std": "unknown"}, {"acceleration_x": -0.14035755395889282, "acceleration_x_std": "unknown"}, {"acceleration_y": 0.09127458184957504, "acceleration_y_std": "unknown"}]}, {"epoch_timestamp": 1572006168.427, "class": "measurement", "sensor": "meastro", "frame": "body", "category": "thrust", "surge_command": -0.377643172764, "sway_command": 0.114316810466, "yaw_command": -0.0}, {"epoch_timestamp": 1572006169.309, "class": "measurement", "sensor": "sensehat", "frame": "inertial", "category": "orientation", "data": [{"heading": 166.36693376523255, "heading_std": "unknown"}, {"roll": 3.5010900817514212, "roll_std": "unknown"}, {"pitch": 4.773586767523354, "pitch_std": "unknown"}]}, {"epoch_timestamp": 1572006169.309, "class": "measurement", "sensor": "sensehat", "frame": "body", "category": "acceleration", "data": [{"acceleration_z": 0.9900222420692444, "acceleration_z_std": "unknown"}, {"acceleration_x": -0.1135663390159607, "acceleration_x_std": "unknown"}, {"acceleration_y": 0.08219368755817413, "acceleration_y_std": "unknown"}]}, {"epoch_timestamp": 1572006175.303, "class": "measurement", "sensor": "sensehat", "frame": "inertial", "category": "orientation", "data": [{"heading": 145.40199595695856, "heading_std": "unknown"}, {"roll": 6.827444287740052, "roll_std": "unknown"}, {"pitch": 5.431997366718719, "pitch_std": "unknown"}]}, {"epoch_timestamp": 1572006175.303, "class": "measurement", "sensor": "sensehat", "frame": "body", "category": "acceleration", "data": [{"acceleration_z": 0.9322211742401123, "acceleration_z_std": "unknown"}, {"acceleration_x": -0.07752858847379684, "acceleration_x_std": "unknown"}, {"acceleration_y": 0.11455891281366348, "acceleration_y_std": "unknown"}]}, {"epoch_timestamp": 1572006176.702, "class": "measurement", "sensor": "sensehat", "frame": "inertial", "category": "orientation", "data": [{"heading": 139.2815180832235, "heading_std": "unknown"}, {"roll": 5.75125193446934, "roll_std": "unknown"}, {"pitch": 6.289748744388199, "pitch_std": "unknown"}]}, {"epoch_timestamp": 1572006176.702, "class": "measurement", "sensor": "sensehat", "frame": "body", "category": "acceleration", "data": [{"acceleration_z": 0.98643958568573, "acceleration_z_std": "unknown"}, {"acceleration_x": -0.10455689579248428, "acceleration_x_std": "unknown"}, {"acceleration_y": 0.1268996149301529, "acceleration_y_std": "unknown"}]}, {"epoch_timestamp": 1572006178.39, "class": "measurement", "sensor": "sensehat", "frame": "inertial", "category": "orientation", "data": [{"heading": 131.27012965852708, "heading_std": "unknown"}, {"roll": 9.09832765373932, "roll_std": "unknown"}, {"pitch": 6.153827553018123, "pitch_std": "unknown"}]}, {"epoch_timestamp": 1572006178.39, "class": "measurement", "sensor": "sensehat", "frame": "body", "category": "acceleration", "data": [{"acceleration_z": 0.9811849594116211, "acceleration_z_std": "unknown"}, {"acceleration_x": -0.10526817291975021, "acceleration_x_std": "unknown"}, {"acceleration_y": 0.15134815871715546, "acceleration_y_std": "unknown"}]}, {"epoch_timestamp": 1572006179.961, "class": "measurement", "sensor": "sensehat", "frame": "inertial", "category": "orientation", "data": [{"heading": 127.40977504152758, "heading_std": "unknown"}, {"roll": 5.259800186893059, "roll_std": "unknown"}, {"pitch": 3.275730551407789, "pitch_std": "unknown"}]}, {"epoch_timestamp": 1572006179.961, "class": "measurement", "sensor": "sensehat", "frame": "body", "category": "acceleration", "data": [{"acceleration_z": 0.9792740941047668, "acceleration_z_std": "unknown"}, {"acceleration_x": -0.07586894929409027, "acceleration_x_std": "unknown"}, {"acceleration_y": 0.0954657569527626, "acceleration_y_std": "unknown"}]}]